customer_id,product_id,quantity,payment_type,total
65877248-aab7-5dba-8334-f20bf6c52b12,3460d6a4-65d2-5c1f-9d4d-04599d23197c,7,Ewallet,548.9715
73590980-4ade-5dbc-bf9f-ad945094233d,c3a0d24d-5c48-5f36-b63a-d7c5f711909d,5,Cash,80.22
603fabba-b15a-51ad-bfb4-12364a5dff06,51744337-b935-59d7-91de-878f58055242,7,Credit card,340.5255
26ee260e-b80c-5462-9453-4cfffc306c6a,6eb5543a-42b2-5adb-b2ba-adc7a12f6024,8,Ewallet,489.048
ece8d8fa-693e-5168-a2ce-87a568773763,84690f72-c83e-5360-9341-372790fe354d,7,Ewallet,634.3785
a4dbea92-0027-5455-924d-40e51653b79e,837b2c10-0048-51db-b1c5-6e1b7bb09867,7,Ewallet,627.6165
65877248-aab7-5dba-8334-f20bf6c52b12,e1a256a8-34d8-571b-bfbc-b61071e86883,6,Ewallet,433.692
3d560e2c-cab7-5915-94f4-be7ec89b262a,f307cbc1-6749-5644-8f99-0ca5254e3722,10,Ewallet,772.38
117c9544-cd22-57b7-8671-035dfef6f154,22471f84-a33e-5f3b-a2ef-4d92e8ee3925,2,Credit card,76.146
caf13408-a463-5fca-9ddd-9470c96435ae,36be63ab-5dd4-58cd-83ba-b2cddcaeb5eb,3,Credit card,172.746
50e2f71d-b9a2-57fc-8bf7-9f5de273c630,ef7026cf-de4f-5234-87a9-ff37da6e3c79,4,Ewallet,60.816
ccd0fdc0-20ca-5ef0-92d2-2d451cd7adc7,16fefb40-2393-514b-b358-74aeef1f50ae,4,Cash,107.142
0f07f48c-3a10-54e1-8e0c-56f265d2d194,d19ba8f3-67ba-5d64-85e2-4d8cf80caaf6,5,Ewallet,246.4875
ece8d8fa-693e-5168-a2ce-87a568773763,c27ce97a-f4b9-531b-8171-ebe64395dde6,10,Ewallet,453.495
1c449dc2-c764-5fba-9e4a-8f785e2d11de,49a0ac3d-acc7-50ed-b22a-a62eca98f7e8,10,Cash,749.49
7ca50a94-5d86-53ca-9ff4-273461b27762,72716201-604a-597d-881c-196df13ed308,6,Cash,590.436
117c9544-cd22-57b7-8671-035dfef6f154,4e4abcf1-7614-5213-ad45-0848bc0edf62,7,Credit card,506.6355
603fabba-b15a-51ad-bfb4-12364a5dff06,84be4070-9b9a-5a5c-b946-6940448b8a67,6,Credit card,457.443
603fabba-b15a-51ad-bfb4-12364a5dff06,668b8d82-5b9e-52cb-ae6b-c40ce3a1002f,3,Credit card,172.2105
47b45785-749f-5d42-96be-2bb88fd1ab60,b84ca7e4-852f-5ecd-8ae9-5f2ac590f3d3,2,Ewallet,84.63
3ec1d3f0-47fe-514c-8ef2-d43b7f627c10,d79b5031-805f-5711-8386-00409d2e474b,5,Ewallet,451.71
489a2507-945d-53fe-9e9e-9e810faa5b7c,04e94a42-4b03-5fed-a73e-ce8895e5457e,3,Ewallet,277.137
f9c3c0a8-e4fa-5d33-830d-986ae44655d6,e7053d27-8840-5c9f-8c78-1e7f521d0576,2,Credit card,69.72
ece8d8fa-693e-5168-a2ce-87a568773763,91da0af1-b67c-584f-8f5f-a975aacbf6a1,5,Ewallet,181.44
26ee260e-b80c-5462-9453-4cfffc306c6a,26c5a6e2-20dc-5db8-9753-a86dc41f00f5,3,Ewallet,279.1845
117c9544-cd22-57b7-8671-035dfef6f154,a1851b83-1d55-57f2-9dba-2014128fff6a,8,Credit card,441.756
5501a4e8-c2ab-52eb-84a2-d6b5eaa0f17a,22f00c9a-b085-530d-9ae6-d0d0b64d6d98,1,Cash,35.196
b23fd0c7-e4b7-59cf-8bfb-76e7327b699f,a476f092-380b-5e3f-bab7-38c2452b6c34,2,Credit card,184.107
5e399335-ef72-5af8-9a31-c602e3ddd901,57684124-573a-58e4-8da1-2264c45b8e53,5,Cash,463.89
44b8c347-6309-5988-b36a-b8ec5d67450a,90d70c15-4bbe-5c7d-9b5a-c4a39e140663,9,Cash,235.2105
f9c3c0a8-e4fa-5d33-830d-986ae44655d6,8b1dd269-72da-5ddc-b89f-9e8424646201,5,Credit card,494.1825
ccd0fdc0-20ca-5ef0-92d2-2d451cd7adc7,6f1cbfa0-16f9-547a-b559-d41a2315a326,9,Cash,737.7615
5501a4e8-c2ab-52eb-84a2-d6b5eaa0f17a,8aa7dcc2-c674-5533-a99c-13367076fb52,8,Cash,703.752
603fabba-b15a-51ad-bfb4-12364a5dff06,71163d9c-74bf-58eb-8746-aac6cc37f93e,2,Credit card,202.818
1fe93160-51d0-5798-87be-77d06dc37f61,82dd6cc0-3120-5c7e-b67d-9e9007e3c75b,4,Ewallet,417.564
1fe93160-51d0-5798-87be-77d06dc37f61,2847cfa4-0778-556e-9ab5-1bdd408642f5,1,Ewallet,71.526
26ee260e-b80c-5462-9453-4cfffc306c6a,f953d89c-6118-51e7-b4ff-52bc7b621ff7,5,Ewallet,328.755
0f07f48c-3a10-54e1-8e0c-56f265d2d194,51deb471-2232-521f-b5cc-8e548c32f553,9,Ewallet,575.316
3d560e2c-cab7-5915-94f4-be7ec89b262a,8f96003e-f8d8-5a33-b2d1-e23650ad5260,8,Ewallet,461.328
ccd0fdc0-20ca-5ef0-92d2-2d451cd7adc7,15393ad5-0df6-5028-880e-331f944f2aa8,8,Cash,253.008
50e2f71d-b9a2-57fc-8bf7-9f5de273c630,9e6a0cc5-98a7-5783-841d-05cf749822fb,1,Ewallet,91.056
97a2a6b1-12c9-5bd7-88f4-8958f1381d36,82e12912-b16a-5617-9ad7-37a575773110,2,Cash,117.831
7ca50a94-5d86-53ca-9ff4-273461b27762,96ed3dc4-dd4c-53a9-97f8-52ecebbc1ac0,6,Cash,435.456
23e8bfd8-f703-5e90-85d8-e54b8fad75e9,dd59f7cf-223a-5520-914f-191919531421,8,Cash,829.08
97a2a6b1-12c9-5bd7-88f4-8958f1381d36,12b780e0-ae17-5d1f-a4b0-b396797627f3,2,Cash,32.277
7ca50a94-5d86-53ca-9ff4-273461b27762,b134c877-943f-54c3-965d-2eda41ee38a4,4,Cash,394.632
388b4936-5fe1-5e9c-8ccd-f79b86d8d57c,f31e6663-17e1-5eee-a943-2f47db22671f,9,Credit card,535.7205
50e2f71d-b9a2-57fc-8bf7-9f5de273c630,e2765f3c-5bbf-5024-bebd-73cbfad9e1b8,9,Ewallet,189.0945
388b4936-5fe1-5e9c-8ccd-f79b86d8d57c,424f7b26-6d94-550c-80e9-d134bc8b4440,6,Credit card,119.259
1fe93160-51d0-5798-87be-77d06dc37f61,7801cb34-dfea-5f72-98eb-e78164b23a0e,10,Ewallet,867.615
97a2a6b1-12c9-5bd7-88f4-8958f1381d36,8d3128ad-caa8-5af6-bdf7-7296e07c2b1e,7,Cash,671.79
ab78fe55-13c2-5d72-bb25-df449b97ecf4,a9cf3f2b-b468-55d4-b1a9-c3777469b581,5,Cash,234.0975
50e2f71d-b9a2-57fc-8bf7-9f5de273c630,dfd28577-8860-53c1-8297-4959251da283,4,Ewallet,75.054
ea1c3ab6-5379-58c9-839d-c40fdad97866,384d94e3-1ef2-5b37-82b9-c061f02d7544,1,Credit card,16.2015
489a2507-945d-53fe-9e9e-9e810faa5b7c,d0732fa1-1680-5a08-b09a-e8d234da165c,2,Ewallet,33.936
73590980-4ade-5dbc-bf9f-ad945094233d,ed282234-b87b-5109-85c6-27818e3d2ce2,8,Cash,722.232
601db0a0-7b77-5f72-b2a9-8e59ce42ac90,7028c2b4-b0b8-5f9e-99a3-54c6da79e52f,2,Cash,93.114
ece8d8fa-693e-5168-a2ce-87a568773763,83ca16c4-1b53-5247-ac0e-b68092530fa4,8,Ewallet,752.64
ab78fe55-13c2-5d72-bb25-df449b97ecf4,21f640aa-cf84-5a31-b4a9-3f77aa83142a,10,Cash,759.675
22c5cf73-8a46-5106-8739-df70fba72a08,bf7cecc6-700e-5012-807e-4d74c7206ee7,6,Cash,192.843
cfb6efa3-fec2-5db0-ba8f-ccee919a6fad,151a7c08-0888-5680-8680-5963d9440f4e,3,Credit card,77.931
a4dbea92-0027-5455-924d-40e51653b79e,e61cca31-7084-5fbc-af58-55842df8e173,6,Ewallet,351.099
50e2f71d-b9a2-57fc-8bf7-9f5de273c630,139e855a-1b9d-5db8-9f9b-6d46c350ac4e,9,Ewallet,520.4115
40356ba6-171a-5693-8981-1fc85d9b1b13,6a1d25fc-4280-5943-8fad-1a741742b4fd,10,Credit card,166.005
ccd0fdc0-20ca-5ef0-92d2-2d451cd7adc7,0b27a0dc-18cb-5103-8bfc-de5328d3836b,4,Cash,318.108
601db0a0-7b77-5f72-b2a9-8e59ce42ac90,c5b9adf3-9ab2-5dd7-b161-5d08f22e59ba,10,Cash,166.635
3d560e2c-cab7-5915-94f4-be7ec89b262a,ff0f2ab0-0ac1-584f-81c0-83c1da26e0a7,2,Ewallet,70.287
50e2f71d-b9a2-57fc-8bf7-9f5de273c630,feec8182-8957-507a-aaf4-11b62f48982f,6,Ewallet,614.943
44b8c347-6309-5988-b36a-b8ec5d67450a,4a118262-7d39-5e15-8042-c29900af22b8,10,Cash,827.085
ab78fe55-13c2-5d72-bb25-df449b97ecf4,f050982e-13ce-5a8d-95e2-1b830cef586d,1,Cash,19.2465
36269a10-72af-55ec-8002-e70559038277,d2d2b1a6-0c36-547d-a50d-50162724d5dc,10,Credit card,939.54
22c5cf73-8a46-5106-8739-df70fba72a08,5ee659ca-556a-5987-ad31-04ae86ef97e7,10,Cash,652.26
50e2f71d-b9a2-57fc-8bf7-9f5de273c630,e6b79831-8ff1-5e0f-b74a-67dc3224a39a,3,Ewallet,152.838
73590980-4ade-5dbc-bf9f-ad945094233d,f7c4824a-07e0-5124-982f-c7ea1b8c36cd,6,Cash,478.233
ece8d8fa-693e-5168-a2ce-87a568773763,bd29a6ce-2832-593e-8493-f3c13175e753,9,Ewallet,705.6315
bbbd14ac-2ee4-5bdb-b942-c9ccd53e147a,0f8bb1b5-1df1-5333-803d-883e5c41f5be,10,Credit card,437.325
ea1c3ab6-5379-58c9-839d-c40fdad97866,986f4a3a-8776-5458-b5a0-fe59d3f31ddf,9,Credit card,463.428
117c9544-cd22-57b7-8671-035dfef6f154,3e988366-7b92-55c9-ad5d-253893eec10c,9,Credit card,189.0945
1fe93160-51d0-5798-87be-77d06dc37f61,4c3e9d8d-6967-5e1a-b645-0f1716b6569c,10,Ewallet,822.255
73590980-4ade-5dbc-bf9f-ad945094233d,49230fb8-263f-5c25-ab3a-53f47d3a1ee3,5,Cash,106.995
bbbd14ac-2ee4-5bdb-b942-c9ccd53e147a,b8d8ad25-ae09-5fa7-a793-d6f6f5d11fa2,6,Credit card,624.897
47b45785-749f-5d42-96be-2bb88fd1ab60,b066b190-6c5a-5fa2-885c-015a4843f96f,3,Ewallet,304.542
a4dbea92-0027-5455-924d-40e51653b79e,048f109c-136e-5bc4-a7b3-fc1eddc6ce68,8,Ewallet,161.7
cfb6efa3-fec2-5db0-ba8f-ccee919a6fad,2d4891aa-8a3e-5bd0-ae1c-b2bc9206b78d,4,Credit card,337.512
97a2a6b1-12c9-5bd7-88f4-8958f1381d36,8b5ab793-077c-5358-9e7f-0d2e53918795,5,Cash,256.7775
3d560e2c-cab7-5915-94f4-be7ec89b262a,ec40be87-ad6e-537c-b4bf-53bd607bdfee,7,Ewallet,610.491
22c5cf73-8a46-5106-8739-df70fba72a08,c9ac261c-f2da-5e10-a455-e4693d0ed18a,5,Cash,401.73
40356ba6-171a-5693-8981-1fc85d9b1b13,686e92e2-4bf1-54d5-ba99-e0d37c3a3904,7,Credit card,362.943
44b8c347-6309-5988-b36a-b8ec5d67450a,8e836bbc-d03e-5ce5-bcac-80114c147f22,1,Cash,44.5935
5e399335-ef72-5af8-9a31-c602e3ddd901,8adc41a8-b8ce-5517-a29a-05742190701a,6,Cash,485.037
23e8bfd8-f703-5e90-85d8-e54b8fad75e9,b76dfb15-8bc5-5623-bba2-d2ee4eec06b5,4,Cash,198.996
3d560e2c-cab7-5915-94f4-be7ec89b262a,73e42fc7-95b4-5d0a-8a4a-380e72f0c490,10,Ewallet,471.03
65877248-aab7-5dba-8334-f20bf6c52b12,a09a369f-8c75-525a-9397-cd74127ff076,7,Ewallet,161.553
388b4936-5fe1-5e9c-8ccd-f79b86d8d57c,d0d15d9d-d473-5763-ba96-4e435bf45140,9,Credit card,608.202
36269a10-72af-55ec-8002-e70559038277,d0c1f1e9-7604-5708-9d8f-94f5b09c2881,1,Credit card,94.2375
ece8d8fa-693e-5168-a2ce-87a568773763,7b15759d-eae6-5438-9e49-b4a393861c68,1,Ewallet,102.018
489a2507-945d-53fe-9e9e-9e810faa5b7c,75b6eb18-7db4-5039-adce-fb8a88736988,10,Ewallet,922.635
73590980-4ade-5dbc-bf9f-ad945094233d,c1263441-3488-53e3-9117-b9d43b07f089,6,Cash,78.435
ece8d8fa-693e-5168-a2ce-87a568773763,7bfa04f4-f811-5b63-8ba5-178d08afbff1,3,Ewallet,166.1625
5501a4e8-c2ab-52eb-84a2-d6b5eaa0f17a,fe883a35-3d9b-5e8d-b9e4-42de4a534f7c,6,Cash,521.01
97a2a6b1-12c9-5bd7-88f4-8958f1381d36,b523bd7f-ef4e-5dd4-9678-2d65b36e5de7,1,Cash,51.1455
22c5cf73-8a46-5106-8739-df70fba72a08,e74ac699-aaea-5337-be55-b478f0a9993d,9,Cash,742.2975
73590980-4ade-5dbc-bf9f-ad945094233d,ae442ff9-4607-5c56-9981-75810acc7e58,9,Cash,218.0115
44b8c347-6309-5988-b36a-b8ec5d67450a,02c18ccb-3c64-5a7a-842b-5445f1e0df1e,6,Cash,367.038
5501a4e8-c2ab-52eb-84a2-d6b5eaa0f17a,b2313c72-1f4b-5850-9d04-89f4b52b1d12,7,Cash,223.0725
26ee260e-b80c-5462-9453-4cfffc306c6a,12555c0b-8bc4-5ba7-b5e9-5709defbddaa,10,Ewallet,931.035
36269a10-72af-55ec-8002-e70559038277,4fd93a19-1858-516f-9b53-0e6b95329735,6,Credit card,172.494
44b8c347-6309-5988-b36a-b8ec5d67450a,0f0b9805-5608-5df0-bd9f-b9da35677311,6,Cash,391.419
73590980-4ade-5dbc-bf9f-ad945094233d,e7a0879d-00bd-5d05-a30d-91d7c0a4ddbe,9,Cash,321.111
97a2a6b1-12c9-5bd7-88f4-8958f1381d36,7a77b66e-6cd3-5c37-a175-8bf6c2f9e4d7,10,Cash,860.685
50e2f71d-b9a2-57fc-8bf7-9f5de273c630,f150e016-08b0-5ce3-ab5a-fd198b97b8ae,2,Ewallet,34.629
cfb6efa3-fec2-5db0-ba8f-ccee919a6fad,ac5bdc4a-0759-5ab4-b0e1-117a864bb8ba,3,Credit card,309.3615
5e399335-ef72-5af8-9a31-c602e3ddd901,c0c2d8e8-d77b-5157-ac26-02f15ab1606f,7,Cash,535.374
26ee260e-b80c-5462-9453-4cfffc306c6a,40ed1488-2973-5dec-930e-29f85aa25069,9,Ewallet,548.7615
cfb6efa3-fec2-5db0-ba8f-ccee919a6fad,05ea6aff-282c-5d5f-bf31-d4b6b4587a32,9,Credit card,763.4655
bbbd14ac-2ee4-5bdb-b942-c9ccd53e147a,78d33fb7-f324-516b-a669-49eebea02948,3,Credit card,85.113
d241e6de-9267-58e6-be68-11126eeb8b46,b7aea213-90f4-5fa6-a1a9-ad9fc6f0fa34,5,Ewallet,115.185
d241e6de-9267-58e6-be68-11126eeb8b46,6d9d15d9-de94-5506-9057-a6944ea04408,1,Ewallet,53.928
0f07f48c-3a10-54e1-8e0c-56f265d2d194,693032d4-7572-592e-b338-e6b7603bac20,10,Ewallet,115.08
489a2507-945d-53fe-9e9e-9e810faa5b7c,003e6fd9-dc87-50d5-acdd-6323fb3a7e5f,2,Ewallet,112.224
b23fd0c7-e4b7-59cf-8bfb-76e7327b699f,3a786690-0cd0-5297-be12-7ea3611260ed,8,Credit card,836.304
ea1c3ab6-5379-58c9-839d-c40fdad97866,3c87b753-8ddf-5c41-948a-8a4b1e6af17b,7,Credit card,419.832
388b4936-5fe1-5e9c-8ccd-f79b86d8d57c,71c08b2c-8efa-55e9-85d6-5487764cc11e,9,Credit card,944.622
ea1c3ab6-5379-58c9-839d-c40fdad97866,cee3bb1f-8304-54dc-9153-4311d174c853,8,Credit card,536.844
50e2f71d-b9a2-57fc-8bf7-9f5de273c630,bd2c4af0-22cf-5e80-abc4-5bc32ad492e5,8,Ewallet,474.348
b23fd0c7-e4b7-59cf-8bfb-76e7327b699f,86a251bc-23f0-596d-ba6a-02f77a4d5120,7,Credit card,688.6215
1c449dc2-c764-5fba-9e4a-8f785e2d11de,d523eaad-4c40-5008-81e4-0400f7db23db,5,Cash,169.3125
bbbd14ac-2ee4-5bdb-b942-c9ccd53e147a,61eca60c-2494-5415-936e-531502c9b9ea,9,Credit card,299.8485
1fe93160-51d0-5798-87be-77d06dc37f61,869c43e8-ad1e-53d4-8362-8e82c0241ad3,8,Ewallet,575.736
47b45785-749f-5d42-96be-2bb88fd1ab60,bb88deed-5fc2-5572-911b-ee10f87d8dbb,9,Ewallet,853.146
5e399335-ef72-5af8-9a31-c602e3ddd901,fc5436c1-9244-56b4-b8b7-689c503f5907,7,Cash,291.207
ab78fe55-13c2-5d72-bb25-df449b97ecf4,def21800-2ac2-5554-8c4e-510add66585d,6,Cash,580.419
5e399335-ef72-5af8-9a31-c602e3ddd901,26308540-6e9b-5ab4-b61d-a5f5196772dd,4,Cash,146.328
388b4936-5fe1-5e9c-8ccd-f79b86d8d57c,a7d248a9-7334-53f8-8da1-1e7a1409e220,6,Credit card,550.935
3d560e2c-cab7-5915-94f4-be7ec89b262a,8f54ab79-1e36-5585-9802-6eaf48eabb8b,6,Ewallet,512.19
22c5cf73-8a46-5106-8739-df70fba72a08,0e827ef6-9c29-59e8-b665-302d28347608,3,Cash,284.193
b23fd0c7-e4b7-59cf-8bfb-76e7327b699f,08d2cd07-8474-5a2e-9dd4-6cedbb209f23,5,Credit card,138.1275
ab78fe55-13c2-5d72-bb25-df449b97ecf4,79ecf357-d00f-5307-bf68-60aa147b7212,6,Cash,216.846
5501a4e8-c2ab-52eb-84a2-d6b5eaa0f17a,77a4bd81-ee69-56d8-be67-ff33bdd991cb,10,Cash,545.055
ece8d8fa-693e-5168-a2ce-87a568773763,a9f78ea8-14f3-5668-9319-7d849ed77044,8,Ewallet,609.0
cfb6efa3-fec2-5db0-ba8f-ccee919a6fad,efc42df5-9218-5590-95c9-dd3ad92d57d6,10,Credit card,942.9
97a2a6b1-12c9-5bd7-88f4-8958f1381d36,3bff29e5-5a63-59bc-889d-ccf4d644fb7a,10,Cash,950.25
23e8bfd8-f703-5e90-85d8-e54b8fad75e9,bb90dd0d-f631-508b-a487-8c2c969cb4e4,10,Cash,720.3
cfb6efa3-fec2-5db0-ba8f-ccee919a6fad,0b1ae2c4-fb35-5013-a85f-9e586110ca0a,1,Credit card,31.9305
0f07f48c-3a10-54e1-8e0c-56f265d2d194,eeaa51c7-8ce9-521b-ad6e-d2391823a599,6,Ewallet,491.085
bbbd14ac-2ee4-5bdb-b942-c9ccd53e147a,966c293b-4a2d-519a-9d1a-b98c93fdc032,6,Credit card,291.438
65877248-aab7-5dba-8334-f20bf6c52b12,2d8a30c3-8b79-591a-9080-7f70aefdc650,10,Ewallet,316.47
36269a10-72af-55ec-8002-e70559038277,3a9d1442-cffa-523f-a361-3ec772e2a452,4,Credit card,277.788
388b4936-5fe1-5e9c-8ccd-f79b86d8d57c,0d50ba4c-267d-59ff-bfeb-ee7f23c7a229,8,Credit card,603.624
603fabba-b15a-51ad-bfb4-12364a5dff06,c57b6cc2-a289-5b8f-97b3-40ba5d67477d,8,Credit card,272.664
caf13408-a463-5fca-9ddd-9470c96435ae,b5eab893-defe-596f-81fd-c0954d1112f3,4,Credit card,384.468
ea1c3ab6-5379-58c9-839d-c40fdad97866,3b9ed394-f589-57a7-a2f7-8b7284450aa8,7,Credit card,254.016
603fabba-b15a-51ad-bfb4-12364a5dff06,8d7b905f-69e4-5289-8907-a842d7d17c34,9,Credit card,786.618
3d560e2c-cab7-5915-94f4-be7ec89b262a,7e4dc0ec-c8b7-5197-8633-3b0dabdc518c,6,Ewallet,103.824
73590980-4ade-5dbc-bf9f-ad945094233d,fce3df23-9a58-5400-978d-679d6facdb25,8,Cash,680.148
40356ba6-171a-5693-8981-1fc85d9b1b13,3c24ef15-0f2b-5a11-848e-116c4f5febad,5,Credit card,484.5225
ccd0fdc0-20ca-5ef0-92d2-2d451cd7adc7,79e49d6b-4317-5695-bf80-63d208d56886,1,Cash,75.7785
489a2507-945d-53fe-9e9e-9e810faa5b7c,0b19a636-e33d-5d6c-929b-0990c7dc843c,5,Ewallet,263.97
d241e6de-9267-58e6-be68-11126eeb8b46,ed502f89-2e4c-5247-840d-1fec9632839c,9,Ewallet,918.729
489a2507-945d-53fe-9e9e-9e810faa5b7c,d3b24874-7fa9-564e-bee1-b43de14f2a91,6,Ewallet,588.357
bbbd14ac-2ee4-5bdb-b942-c9ccd53e147a,4a986b36-5703-59c7-827f-4c683d98b13e,8,Credit card,362.712
44b8c347-6309-5988-b36a-b8ec5d67450a,8ed2adfd-9bf9-5bc3-b74a-c0724ee8e34f,1,Cash,66.8745
603fabba-b15a-51ad-bfb4-12364a5dff06,6eb86da2-37bb-5969-bcc1-886fced3fc54,7,Credit card,336.5565
a4dbea92-0027-5455-924d-40e51653b79e,c69e54c6-9104-54a5-a609-e8eae7c26fe4,2,Ewallet,160.44
f9c3c0a8-e4fa-5d33-830d-986ae44655d6,3f2dd93c-6861-5546-b1cd-f488b16b4388,10,Credit card,418.95
d241e6de-9267-58e6-be68-11126eeb8b46,cefad5c1-0130-5940-ac9b-5b685ded5d2c,8,Ewallet,357.588
22c5cf73-8a46-5106-8739-df70fba72a08,4152bad9-befd-5919-8643-f72616a764f8,10,Cash,1003.59
603fabba-b15a-51ad-bfb4-12364a5dff06,c080bfc3-d33e-5079-b926-ca1ad9c0394e,10,Credit card,1039.29
44b8c347-6309-5988-b36a-b8ec5d67450a,d3a00d88-f1a3-55e4-a6ee-73d244a04899,6,Cash,323.064
40356ba6-171a-5693-8981-1fc85d9b1b13,ddeb7886-e634-5a57-b55e-78ddc58be73f,7,Credit card,510.972
ece8d8fa-693e-5168-a2ce-87a568773763,6313e6e8-a4e0-50f1-afb5-87d29befc517,5,Ewallet,367.5525
388b4936-5fe1-5e9c-8ccd-f79b86d8d57c,99f9dab7-b184-52c9-b68d-fc62b7778925,5,Credit card,420.2625
22c5cf73-8a46-5106-8739-df70fba72a08,5090313e-a8cb-5a91-99ee-a49bf068e1c8,8,Cash,175.14
388b4936-5fe1-5e9c-8ccd-f79b86d8d57c,37140b47-c109-504b-a95a-dbb3c0c81903,6,Credit card,333.207
489a2507-945d-53fe-9e9e-9e810faa5b7c,1c0ba740-2496-50fd-a41d-b47b2239d3b4,8,Ewallet,166.236
26ee260e-b80c-5462-9453-4cfffc306c6a,3b7f9f2b-b2ba-5db6-a57b-39e551a9b16b,9,Ewallet,319.788
40356ba6-171a-5693-8981-1fc85d9b1b13,beb1ee56-5324-519a-8d67-79c1d8402248,8,Credit card,186.228
bbbd14ac-2ee4-5bdb-b942-c9ccd53e147a,586206fa-2e66-516e-910d-aac08177526b,7,Credit card,165.4485
ece8d8fa-693e-5168-a2ce-87a568773763,ca0dacd3-800e-5657-bfd0-44b0062301d3,6,Ewallet,465.444
3ec1d3f0-47fe-514c-8ef2-d43b7f627c10,87bb32b8-e5c0-5b15-8741-1054996c2ce9,3,Ewallet,273.42
22c5cf73-8a46-5106-8739-df70fba72a08,6d8b6f49-ed37-5608-9d56-d202ea2caf4e,7,Cash,472.311
97a2a6b1-12c9-5bd7-88f4-8958f1381d36,15fad595-db31-531e-8bd0-817a3a039b59,8,Cash,323.148
26ee260e-b80c-5462-9453-4cfffc306c6a,8dc5bc29-53dc-5013-b8d4-9d3106ee361f,10,Ewallet,162.75
a4dbea92-0027-5455-924d-40e51653b79e,b8d044b0-0004-56a8-96fb-e062af4a79a7,8,Ewallet,288.204
b23fd0c7-e4b7-59cf-8bfb-76e7327b699f,13895b8d-a851-5202-9efa-c73109d3790c,7,Credit card,90.699
d241e6de-9267-58e6-be68-11126eeb8b46,e4e71f1a-8bdc-526c-be6f-cb18f6fe3958,3,Ewallet,56.952
50e2f71d-b9a2-57fc-8bf7-9f5de273c630,b98b6c57-f123-532f-873e-60c1dec7d99f,8,Ewallet,793.716
ccd0fdc0-20ca-5ef0-92d2-2d451cd7adc7,54a7c337-1285-5537-a610-1da99d501e49,4,Cash,195.174
ece8d8fa-693e-5168-a2ce-87a568773763,6c827e20-0995-52aa-a7e8-3a651b4fda08,1,Ewallet,77.7735
bbbd14ac-2ee4-5bdb-b942-c9ccd53e147a,b527949f-6df0-51be-905f-df7ab5b25bd6,4,Credit card,293.202
8f1d4f8c-8039-518e-918a-20b931d1b1a9,fbcae7b7-1db4-51ec-b1ed-73f4a6a0fa69,3,Credit card,242.676
47b45785-749f-5d42-96be-2bb88fd1ab60,7cd7182e-f926-5f44-8a90-04a01bcfa71e,2,Ewallet,154.392
73590980-4ade-5dbc-bf9f-ad945094233d,524f556a-a603-51fd-b5ca-cc14cdf0d8c4,9,Cash,829.71
489a2507-945d-53fe-9e9e-9e810faa5b7c,8dfad301-4fa8-5fa5-b53a-7e6278276560,4,Ewallet,107.31
603fabba-b15a-51ad-bfb4-12364a5dff06,dd9a6ac5-bdc6-5904-8818-15d78ebcae73,5,Credit card,171.7275
23e8bfd8-f703-5e90-85d8-e54b8fad75e9,7443fe9d-5ff0-59d4-a778-689027f4b1c6,1,Cash,78.0045
97a2a6b1-12c9-5bd7-88f4-8958f1381d36,524b3639-cf4f-5173-a5c9-b32447fa4950,2,Cash,91.77
0f07f48c-3a10-54e1-8e0c-56f265d2d194,ce696858-e237-5408-aa0c-37b1d99727ab,1,Ewallet,26.5545
36269a10-72af-55ec-8002-e70559038277,28184261-591a-5cbb-823f-e96f91a7e4f9,4,Credit card,174.3
cfb6efa3-fec2-5db0-ba8f-ccee919a6fad,b32781ff-cfb5-501b-b0b9-92d74e858b1a,5,Credit card,374.7975
cfb6efa3-fec2-5db0-ba8f-ccee919a6fad,95a8d89e-c113-5638-b1e8-38c137494a0d,6,Credit card,120.645
7ca50a94-5d86-53ca-9ff4-273461b27762,bd158fcd-3b74-58a5-ae54-caf61faa1db2,4,Cash,241.458
22c5cf73-8a46-5106-8739-df70fba72a08,8f24dced-8fb6-53d6-b159-03cf2e0d1261,7,Cash,451.3635
d241e6de-9267-58e6-be68-11126eeb8b46,8425ec4c-dfd0-5203-9f70-478839a72b54,10,Ewallet,271.95
388b4936-5fe1-5e9c-8ccd-f79b86d8d57c,c24a6063-ff57-5993-a45a-8123ea8c0a96,5,Credit card,93.2925
0f07f48c-3a10-54e1-8e0c-56f265d2d194,915be517-a13a-5b62-826b-3f5f0f11fb8d,9,Ewallet,217.6335
cfb6efa3-fec2-5db0-ba8f-ccee919a6fad,af12c794-145e-5b54-a29b-a791d158b836,9,Credit card,629.8425
1fe93160-51d0-5798-87be-77d06dc37f61,91363354-ebd6-5ed0-92a1-ef8437ba4dc0,10,Ewallet,299.565
47b45785-749f-5d42-96be-2bb88fd1ab60,eb057a2f-051b-58aa-a919-44cb6882e8f0,3,Ewallet,95.6655
8f1d4f8c-8039-518e-918a-20b931d1b1a9,d903da18-e2c6-546d-b31c-458636b4069c,9,Credit card,942.4485
ece8d8fa-693e-5168-a2ce-87a568773763,f2dea2fa-4dc2-530b-a671-3400c1f6265a,9,Ewallet,247.8735
73590980-4ade-5dbc-bf9f-ad945094233d,45cf5046-4e64-5f26-8f54-ec141fcc4adc,9,Cash,881.307
489a2507-945d-53fe-9e9e-9e810faa5b7c,7170ad10-764c-52ac-9f27-e3ea1488c999,5,Ewallet,484.89
f9c3c0a8-e4fa-5d33-830d-986ae44655d6,01358344-10c3-5a65-b84b-3003ed0640db,3,Credit card,146.223
7ca50a94-5d86-53ca-9ff4-273461b27762,f952b3ed-9b8c-5b6d-91d6-c08df5fb81da,7,Cash,217.6335
603fabba-b15a-51ad-bfb4-12364a5dff06,8510079b-56c7-5f4c-bf95-0768bd03fe77,1,Credit card,19.194
5e399335-ef72-5af8-9a31-c602e3ddd901,afe64e63-9c36-5acf-b5f9-619bff2765c8,5,Cash,130.0425
ab78fe55-13c2-5d72-bb25-df449b97ecf4,a00ba99a-2aec-558e-bbf1-5b4116fbeaf9,3,Cash,298.116
489a2507-945d-53fe-9e9e-9e810faa5b7c,beb45eb4-8dfc-5283-bf64-7ceb41c396e4,8,Ewallet,796.908
8f1d4f8c-8039-518e-918a-20b931d1b1a9,a2f82390-d7ee-5506-a895-cc84e9e05374,3,Credit card,180.621
489a2507-945d-53fe-9e9e-9e810faa5b7c,5ac35a32-a58d-52d8-b38a-8f90eaa47f24,6,Ewallet,285.705
489a2507-945d-53fe-9e9e-9e810faa5b7c,c1e54cbe-f528-57a9-ab4e-dc11e26665e1,7,Ewallet,456.288
22c5cf73-8a46-5106-8739-df70fba72a08,a8e703c0-f094-5566-a0c8-361d87e27efe,5,Cash,62.0025
23e8bfd8-f703-5e90-85d8-e54b8fad75e9,195c75a3-07dd-550d-8dd2-8a710a368cbc,1,Cash,13.167
44b8c347-6309-5988-b36a-b8ec5d67450a,b2318c2b-5692-5144-9f5b-cd9d2427ed0d,2,Cash,90.825
cfb6efa3-fec2-5db0-ba8f-ccee919a6fad,2f170208-f0e3-5f24-9121-b8660dcb7d14,2,Credit card,183.036
d241e6de-9267-58e6-be68-11126eeb8b46,3638aae2-020f-589a-9d17-9ffb4ea7218c,9,Ewallet,655.5465
3ec1d3f0-47fe-514c-8ef2-d43b7f627c10,ba709b58-5649-5038-be30-b4a7762876aa,4,Ewallet,155.652
7ca50a94-5d86-53ca-9ff4-273461b27762,215806ff-8769-56ec-bd5d-742efc1a302e,6,Cash,571.41
0f07f48c-3a10-54e1-8e0c-56f265d2d194,b9a8967e-28c2-5f80-aee4-f5ed35777adf,8,Ewallet,532.728
5e399335-ef72-5af8-9a31-c602e3ddd901,826afc5e-4edf-534d-96c7-fca914523537,2,Cash,170.877
caf13408-a463-5fca-9ddd-9470c96435ae,50ce1735-aa5b-5835-b1b5-b025a6efa083,3,Credit card,33.3585
5e399335-ef72-5af8-9a31-c602e3ddd901,b8fdf01b-d6cc-579a-8263-f8fa9e6faafe,9,Cash,794.6505
ccd0fdc0-20ca-5ef0-92d2-2d451cd7adc7,532b42ea-4d57-55d7-a2b7-6d75b8fcc397,4,Cash,310.044
26ee260e-b80c-5462-9453-4cfffc306c6a,23350e2f-7c00-56cb-b875-ef3e1c600283,10,Ewallet,545.37
0f07f48c-3a10-54e1-8e0c-56f265d2d194,3aa3e1d6-9d40-53ed-a82a-cecfa412752a,2,Ewallet,195.594
36269a10-72af-55ec-8002-e70559038277,c80535ab-4e9d-5471-9fd6-ce7bd93bd21e,5,Credit card,91.4025
cfb6efa3-fec2-5db0-ba8f-ccee919a6fad,892c5916-ae59-5072-9f4e-adfea81b459b,5,Credit card,232.155
7ca50a94-5d86-53ca-9ff4-273461b27762,77827014-05ae-53c9-a21e-760522673375,5,Cash,69.405
ece8d8fa-693e-5168-a2ce-87a568773763,cdbf198c-b917-5a29-b56a-5f12b7c059b0,1,Ewallet,94.1745
603fabba-b15a-51ad-bfb4-12364a5dff06,3d15d08b-6a6e-538e-b140-598fdb0ea4c3,9,Credit card,235.683
603fabba-b15a-51ad-bfb4-12364a5dff06,c6b29fd8-ab8d-5dfe-8633-8b1fb3e19449,2,Credit card,125.517
ea1c3ab6-5379-58c9-839d-c40fdad97866,e7233e48-cfc8-5383-a731-cd8188fbd4a3,2,Credit card,195.72
601db0a0-7b77-5f72-b2a9-8e59ce42ac90,94a753d0-804f-53ca-96ab-7c311c43c290,4,Cash,263.13
f9c3c0a8-e4fa-5d33-830d-986ae44655d6,d8e3c148-57ca-5b7b-83ac-2c78a76b2597,8,Credit card,788.508
601db0a0-7b77-5f72-b2a9-8e59ce42ac90,a6a168ae-0074-5366-ab22-a7bcb02c1711,8,Cash,399.756
7ca50a94-5d86-53ca-9ff4-273461b27762,590796ce-75f8-5ac6-99d4-35f1fc41488b,3,Cash,256.41
26ee260e-b80c-5462-9453-4cfffc306c6a,7dfc6a01-3b1a-5d1f-865d-eca560c13e06,5,Ewallet,94.185
40356ba6-171a-5693-8981-1fc85d9b1b13,ff08b90b-903c-52a7-9e6f-c711a1f98212,4,Credit card,326.424
f9c3c0a8-e4fa-5d33-830d-986ae44655d6,8b8d6e76-17b5-5434-b58b-3174bc6362f6,7,Credit card,536.991
d241e6de-9267-58e6-be68-11126eeb8b46,5be623f0-61ae-5f3f-8447-676d27c9c842,9,Ewallet,439.8975
ea1c3ab6-5379-58c9-839d-c40fdad97866,da31f80a-043b-5a7f-9054-fabbc5233f64,10,Credit card,369.495
bbbd14ac-2ee4-5bdb-b942-c9ccd53e147a,2cf932a5-bb64-51a9-ad8e-a4c23c6e5210,2,Credit card,30.219
44b8c347-6309-5988-b36a-b8ec5d67450a,d1b522d3-1650-5914-b6c3-45dbe5e48706,4,Cash,99.75
601db0a0-7b77-5f72-b2a9-8e59ce42ac90,83f099d6-8508-552a-80e1-53bf53e81fec,8,Cash,494.76
ccd0fdc0-20ca-5ef0-92d2-2d451cd7adc7,098a1cdb-b3f5-5aa1-8edd-f232a7dd47b2,4,Cash,137.004
40356ba6-171a-5693-8981-1fc85d9b1b13,2a98f631-378e-5f70-bfab-8f8dba144fe7,1,Credit card,69.6675
26ee260e-b80c-5462-9453-4cfffc306c6a,da721d06-255a-5848-baf5-2a881b68553e,6,Ewallet,163.233
26ee260e-b80c-5462-9453-4cfffc306c6a,3d03d137-8cbf-5af7-83c1-a0aa70f388bd,4,Ewallet,135.45
ea1c3ab6-5379-58c9-839d-c40fdad97866,984dc2e8-9bf1-5eb4-b67e-9e728d30cded,4,Credit card,276.948
0f07f48c-3a10-54e1-8e0c-56f265d2d194,8c937365-b9e0-5d39-805c-1a51fc82f7c1,9,Ewallet,709.317
3d560e2c-cab7-5915-94f4-be7ec89b262a,109f0d9b-39a1-5156-bddd-0b7538241e2f,4,Ewallet,69.09
7ca50a94-5d86-53ca-9ff4-273461b27762,994be21a-fde6-5c1d-8bb5-d9786cfc1a78,4,Cash,160.86
ab78fe55-13c2-5d72-bb25-df449b97ecf4,b0ede539-e5f0-509e-bed5-1c3b305dacbc,10,Cash,233.52
489a2507-945d-53fe-9e9e-9e810faa5b7c,210982ee-c91b-58c4-ac95-79079962243d,1,Ewallet,57.1725
117c9544-cd22-57b7-8671-035dfef6f154,d9bbe971-cfd5-5566-ba7b-b047aa571712,7,Credit card,723.24
36269a10-72af-55ec-8002-e70559038277,d7beb334-203e-5477-84ef-9839e838dd00,4,Credit card,148.974
7ca50a94-5d86-53ca-9ff4-273461b27762,646bd53b-df03-5df7-8522-9c8041bf9053,10,Cash,783.3
40356ba6-171a-5693-8981-1fc85d9b1b13,1cdc5716-2bd4-562e-8845-ca49cd76924c,4,Credit card,297.108
65877248-aab7-5dba-8334-f20bf6c52b12,877dde19-4002-5564-ad1a-942218e856e7,10,Ewallet,373.17
47b45785-749f-5d42-96be-2bb88fd1ab60,3d95afee-21c5-5b3b-a955-80d526b93adc,5,Ewallet,354.0075
23e8bfd8-f703-5e90-85d8-e54b8fad75e9,22d587d7-41a0-575a-9da7-9c355c642ff3,2,Cash,44.352
117c9544-cd22-57b7-8671-035dfef6f154,64a367e7-1d32-5994-90d1-7b4d764ceb97,9,Credit card,203.553
1c449dc2-c764-5fba-9e4a-8f785e2d11de,f85ad98f-c386-5142-a9dd-0996ced93125,2,Cash,25.263
47b45785-749f-5d42-96be-2bb88fd1ab60,570a17b7-e163-595a-bc41-8fa3dc9d449d,6,Ewallet,628.173
5501a4e8-c2ab-52eb-84a2-d6b5eaa0f17a,e1c8c734-abd4-5d45-a9de-87c2ece3e04a,7,Cash,352.5795
23e8bfd8-f703-5e90-85d8-e54b8fad75e9,1e66cd4c-af45-5bb7-ba0b-faf760fc3121,10,Cash,229.11
3d560e2c-cab7-5915-94f4-be7ec89b262a,018a2d57-84b9-5c9b-a266-7514b796dc8c,4,Ewallet,400.764
97a2a6b1-12c9-5bd7-88f4-8958f1381d36,d6ac698a-d9c1-556e-8d70-59c5f6cd10a4,10,Cash,745.395
40356ba6-171a-5693-8981-1fc85d9b1b13,93c5a1f4-9cc6-5d82-ba0e-634542849b44,10,Credit card,462.21
b23fd0c7-e4b7-59cf-8bfb-76e7327b699f,dcecaf95-bbce-5640-a5e4-e0379320d9f4,8,Credit card,587.664
36269a10-72af-55ec-8002-e70559038277,6245a65f-d215-5d25-835d-c6318f56315e,1,Credit card,38.85
1c449dc2-c764-5fba-9e4a-8f785e2d11de,6c7a186d-9270-5e0c-970c-ef23def0ec91,1,Cash,16.107
26ee260e-b80c-5462-9453-4cfffc306c6a,98e48403-4d39-561a-ae12-5f710d5217d2,6,Ewallet,628.929
ab78fe55-13c2-5d72-bb25-df449b97ecf4,6820a7fe-85e9-5630-a997-69b6e03cb716,4,Cash,200.214
5501a4e8-c2ab-52eb-84a2-d6b5eaa0f17a,ed33489f-065b-5ec4-9f20-985f8a7d7d5c,5,Cash,350.07
97a2a6b1-12c9-5bd7-88f4-8958f1381d36,37464439-422f-5c60-971b-3012ea294370,1,Cash,78.603
73590980-4ade-5dbc-bf9f-ad945094233d,f432ef20-0089-5f5d-9466-5deaf5438871,9,Cash,224.4375
8f1d4f8c-8039-518e-918a-20b931d1b1a9,f5acd8dc-d88f-523b-8f55-a6c102a018ee,7,Credit card,356.5485
ab78fe55-13c2-5d72-bb25-df449b97ecf4,5e4a064e-208c-5d77-a9e9-35e1a43c8ecf,7,Cash,697.368
388b4936-5fe1-5e9c-8ccd-f79b86d8d57c,6110d88b-a4cb-5fb5-8f36-baf437cc6aa6,10,Credit card,423.15
a4dbea92-0027-5455-924d-40e51653b79e,067a9394-c382-5841-a21f-6b60245141f7,7,Ewallet,204.6975
ab78fe55-13c2-5d72-bb25-df449b97ecf4,7d4c716c-7f9c-547d-b649-5760769a8411,1,Cash,65.604
ab78fe55-13c2-5d72-bb25-df449b97ecf4,80a5a714-cd0d-53c4-a1df-6d12d62aa164,2,Cash,76.356
489a2507-945d-53fe-9e9e-9e810faa5b7c,63bb6aaa-2d64-5d8b-bb8f-e25ad51ea56e,10,Ewallet,190.155
23e8bfd8-f703-5e90-85d8-e54b8fad75e9,4dfd114c-4bb9-5955-85d3-ee9dcf9bb6fb,5,Cash,272.58
22c5cf73-8a46-5106-8739-df70fba72a08,7757b405-85f5-54fa-afe7-b1f2b0c26582,4,Cash,121.128
26ee260e-b80c-5462-9453-4cfffc306c6a,86aefacd-21de-5801-be7f-b5351b56a734,6,Ewallet,493.794
601db0a0-7b77-5f72-b2a9-8e59ce42ac90,f8772936-f60e-5890-b2c6-df81823a32b9,4,Cash,252.042
23e8bfd8-f703-5e90-85d8-e54b8fad75e9,59b2d06e-a34c-514c-80aa-8f792c193038,1,Cash,93.0405
36269a10-72af-55ec-8002-e70559038277,e07a598c-572e-55b6-bf67-19b3d02d32c3,2,Credit card,209.622
388b4936-5fe1-5e9c-8ccd-f79b86d8d57c,07c29689-83f9-58d6-887c-56c4f4dcac4e,1,Credit card,40.9605
22c5cf73-8a46-5106-8739-df70fba72a08,44ca7f29-83af-50ad-8305-13f0f9512022,1,Cash,51.0405
b23fd0c7-e4b7-59cf-8bfb-76e7327b699f,0c55dfbb-06b4-5711-aa96-b34d32eea177,4,Credit card,214.998
5e399335-ef72-5af8-9a31-c602e3ddd901,5c514ee8-d271-5d1f-bdaf-175dde5f4c51,8,Cash,125.664
26ee260e-b80c-5462-9453-4cfffc306c6a,867b24de-b0d5-56dc-b1c8-a162e28c824f,7,Ewallet,530.67
1c449dc2-c764-5fba-9e4a-8f785e2d11de,eb1ea0a7-764b-5f22-8ab8-5e80120aa30f,7,Cash,295.6905
ab78fe55-13c2-5d72-bb25-df449b97ecf4,8b5c54d6-f7a6-5283-a24d-862d56dea1ab,8,Cash,745.836
65877248-aab7-5dba-8334-f20bf6c52b12,01ceb06e-55a0-5f3c-92de-0815a6ed7151,3,Ewallet,83.412
1c449dc2-c764-5fba-9e4a-8f785e2d11de,36fdcdbe-4be5-5da7-a091-3d1139530cde,2,Cash,172.011
ccd0fdc0-20ca-5ef0-92d2-2d451cd7adc7,898d9d19-c5cf-5a5f-b19c-33a4c1ec3962,6,Cash,503.559
3ec1d3f0-47fe-514c-8ef2-d43b7f627c10,df5f076e-ab27-5bbe-abfd-b0f848a57cbf,2,Ewallet,145.593
117c9544-cd22-57b7-8671-035dfef6f154,2f5fceb7-7ee2-5984-800c-beb98bdf3783,5,Credit card,74.7075
ab78fe55-13c2-5d72-bb25-df449b97ecf4,4e876034-a448-542d-9985-54d5c8e27a99,9,Cash,146.9475
23e8bfd8-f703-5e90-85d8-e54b8fad75e9,852e0686-2119-505f-82ca-54507c0f28d0,10,Cash,820.365
97a2a6b1-12c9-5bd7-88f4-8958f1381d36,13c299fb-4129-50fc-ba9a-3782229f647f,2,Cash,208.677
23e8bfd8-f703-5e90-85d8-e54b8fad75e9,c26ac18e-d57d-585a-9ee8-e3e182067f44,3,Cash,66.402
97a2a6b1-12c9-5bd7-88f4-8958f1381d36,f321b46c-370c-5983-8c5e-52e5dbefa640,5,Cash,392.6475
cfb6efa3-fec2-5db0-ba8f-ccee919a6fad,81e3d753-9cce-5d82-bff1-5877ba24755d,7,Credit card,218.0745
3ec1d3f0-47fe-514c-8ef2-d43b7f627c10,b1309844-9ebe-5110-b456-f1bdb545685f,4,Ewallet,185.094
73590980-4ade-5dbc-bf9f-ad945094233d,4686449d-4859-5828-b803-e4d8462a49d2,9,Cash,216.6885
73590980-4ade-5dbc-bf9f-ad945094233d,41992f78-03a6-52c1-974e-3639eacb7133,1,Cash,41.391
ece8d8fa-693e-5168-a2ce-87a568773763,4797ab40-0d00-5102-9bae-bf5c67ddaa3e,6,Ewallet,96.138
1c449dc2-c764-5fba-9e4a-8f785e2d11de,f5436ce6-623b-59f2-bbfd-2653cad0af67,5,Cash,324.2925
603fabba-b15a-51ad-bfb4-12364a5dff06,e6af3b96-e415-5d26-b2de-069441df0941,6,Credit card,135.576
489a2507-945d-53fe-9e9e-9e810faa5b7c,c346b2e7-2bd2-5520-9353-26ebe1012a81,4,Ewallet,410.508
601db0a0-7b77-5f72-b2a9-8e59ce42ac90,e5e043f4-fa8e-5f7a-aa43-9a1654ff1176,5,Cash,523.845
97a2a6b1-12c9-5bd7-88f4-8958f1381d36,6405d44a-b1e8-517e-a6b5-a998cc039064,4,Cash,395.892
388b4936-5fe1-5e9c-8ccd-f79b86d8d57c,269b6fb2-53a4-5ba4-99f6-166d39c36532,4,Credit card,214.746
601db0a0-7b77-5f72-b2a9-8e59ce42ac90,9e38e2b2-3bf6-522c-91eb-0d4676c07f5d,4,Cash,152.712
5501a4e8-c2ab-52eb-84a2-d6b5eaa0f17a,4c11da97-1570-5349-a2f7-9eaa1809fee2,9,Cash,208.089
603fabba-b15a-51ad-bfb4-12364a5dff06,7d1723ed-f030-50bf-9f11-9f6a163bfd19,3,Credit card,103.635
44b8c347-6309-5988-b36a-b8ec5d67450a,51cb81f2-ccb6-5634-9dea-6bca119661c2,5,Cash,404.355
40356ba6-171a-5693-8981-1fc85d9b1b13,a66678ef-b824-5d76-8e09-9d0a0c9e5952,2,Credit card,49.308
3ec1d3f0-47fe-514c-8ef2-d43b7f627c10,d115a8f9-228a-521d-994e-0007de0afa1d,5,Ewallet,77.175
117c9544-cd22-57b7-8671-035dfef6f154,a9df8c72-72c3-5aa3-9a1b-7735166dae75,5,Credit card,149.3625
ece8d8fa-693e-5168-a2ce-87a568773763,0746b1c2-0f47-586a-8666-8b1eb38360cb,9,Ewallet,721.98
5e399335-ef72-5af8-9a31-c602e3ddd901,6cf2b522-93a5-5004-9834-30368b852847,6,Cash,365.085
bbbd14ac-2ee4-5bdb-b942-c9ccd53e147a,605ba8b2-ae51-592c-946e-9b68333c4365,3,Credit card,150.0975
caf13408-a463-5fca-9ddd-9470c96435ae,9e4fa9eb-dabc-553f-8c7a-d348b3234126,9,Credit card,404.649
388b4936-5fe1-5e9c-8ccd-f79b86d8d57c,c6408e13-01cd-5b58-81c6-f022b77d9538,3,Credit card,151.4835
50e2f71d-b9a2-57fc-8bf7-9f5de273c630,f6b550fa-3a90-5bf7-99ab-0a99a2a22ec4,7,Ewallet,411.3795
7ca50a94-5d86-53ca-9ff4-273461b27762,2c97b4fa-4663-52f4-a649-92ab2c8730cc,7,Cash,565.215
3d560e2c-cab7-5915-94f4-be7ec89b262a,08a6db9c-d449-5a12-81e2-20e6c6571ee0,5,Ewallet,509.4075
44b8c347-6309-5988-b36a-b8ec5d67450a,0db25a34-1305-58b0-9042-376a68da6fe5,3,Cash,140.6475
0f07f48c-3a10-54e1-8e0c-56f265d2d194,872af3a0-d8a1-56a9-9cd5-7fbed7fbd54f,9,Ewallet,736.4385
601db0a0-7b77-5f72-b2a9-8e59ce42ac90,e3fc5122-ea6f-5939-b8e9-1b45f8b2e693,1,Cash,75.5475
23e8bfd8-f703-5e90-85d8-e54b8fad75e9,f740f7e3-43ef-5b1f-8b62-175b014f86c7,8,Cash,749.7
44b8c347-6309-5988-b36a-b8ec5d67450a,3faf829d-bd37-5a8c-9423-3f287f7e3f89,7,Cash,191.247
8f1d4f8c-8039-518e-918a-20b931d1b1a9,69e4768a-e4a4-5fe9-bf67-7f36ea7bf9e0,10,Credit card,141.75
cfb6efa3-fec2-5db0-ba8f-ccee919a6fad,ea130568-7bb1-5cec-bf2b-abd918bf19ee,10,Credit card,1042.65
44b8c347-6309-5988-b36a-b8ec5d67450a,aadf3958-385b-548a-9731-223c8b44b1c9,7,Cash,379.9215
caf13408-a463-5fca-9ddd-9470c96435ae,a6cacd1e-4d05-5d8e-b71c-c82fddba88c8,7,Credit card,402.2655
ccd0fdc0-20ca-5ef0-92d2-2d451cd7adc7,011b52bb-b089-529b-88c1-cf110085af74,9,Cash,255.15
73590980-4ade-5dbc-bf9f-ad945094233d,c7c97dd7-6bb7-5f3a-917b-6fd39ee6c4c4,1,Cash,31.752
caf13408-a463-5fca-9ddd-9470c96435ae,ca8e8a78-c65e-5142-8882-76b1260a18b0,4,Credit card,374.388
bbbd14ac-2ee4-5bdb-b942-c9ccd53e147a,f928bee1-b46d-5581-a3fc-5504d403a512,10,Credit card,394.275
73590980-4ade-5dbc-bf9f-ad945094233d,1454a7ad-cd9f-58ef-8202-8c4d1a6471e3,10,Cash,1002.12
489a2507-945d-53fe-9e9e-9e810faa5b7c,e8eac04a-1afe-5c32-a191-6a6c77f628b1,3,Ewallet,86.625
5501a4e8-c2ab-52eb-84a2-d6b5eaa0f17a,b3292ffb-6a82-5379-a778-239359106ba9,1,Cash,78.7185
40356ba6-171a-5693-8981-1fc85d9b1b13,a0c76a22-8230-5210-96a9-e9e41fcaded5,8,Credit card,680.064
73590980-4ade-5dbc-bf9f-ad945094233d,c04b0b66-bcb2-5d84-8277-1dd8c1e5410c,8,Cash,793.548
a4dbea92-0027-5455-924d-40e51653b79e,6200cbab-d4e6-5994-871b-2d4955548d93,2,Ewallet,209.559
44b8c347-6309-5988-b36a-b8ec5d67450a,a6852214-05ad-5d46-918c-026c49c8ac44,6,Cash,461.286
73590980-4ade-5dbc-bf9f-ad945094233d,0fb65463-e14e-57ac-833a-73774f29cfb9,4,Cash,173.208
73590980-4ade-5dbc-bf9f-ad945094233d,8ee4876e-2d30-5cf4-93ae-400711ddd971,4,Cash,343.056
73590980-4ade-5dbc-bf9f-ad945094233d,7b72e56e-d80b-5d2d-a571-ee18f301bd70,9,Cash,484.974
601db0a0-7b77-5f72-b2a9-8e59ce42ac90,63a2fb69-4b08-5647-ae6f-9bc752ec2905,4,Cash,276.948
73590980-4ade-5dbc-bf9f-ad945094233d,914c7927-4f49-59d8-bf63-a09baa3a7e48,10,Cash,150.78
40356ba6-171a-5693-8981-1fc85d9b1b13,f244e621-b183-5ba9-a5f5-56fa672923f8,9,Credit card,203.175
7ca50a94-5d86-53ca-9ff4-273461b27762,d3070110-2240-5bfc-84a2-94c6268a8240,7,Cash,193.011
8f1d4f8c-8039-518e-918a-20b931d1b1a9,7fdc7ba7-2e0b-585f-b33e-4c3ad9dba6a1,2,Credit card,128.016
3d560e2c-cab7-5915-94f4-be7ec89b262a,2daf64a7-204e-506a-ab32-0051a22e8925,6,Ewallet,441.693
22c5cf73-8a46-5106-8739-df70fba72a08,499048d6-d148-5fb8-a1a2-822a0ea28194,6,Cash,265.104
b23fd0c7-e4b7-59cf-8bfb-76e7327b699f,9cca6df7-d07d-52e5-a0d1-29625f453dc7,5,Credit card,352.2225
65877248-aab7-5dba-8334-f20bf6c52b12,31142b8e-d831-544c-8fb8-f7d67a50312f,5,Ewallet,507.675
caf13408-a463-5fca-9ddd-9470c96435ae,331758fd-a12c-53f0-b100-455667bca4c2,9,Credit card,334.341
a4dbea92-0027-5455-924d-40e51653b79e,573639d0-e99d-5190-a4c2-89f004fc5408,7,Ewallet,701.8515
3ec1d3f0-47fe-514c-8ef2-d43b7f627c10,0794da9f-753f-561c-ab1d-e6e460c5adb4,4,Ewallet,407.316
8f1d4f8c-8039-518e-918a-20b931d1b1a9,91fd74fd-535a-54d9-8da6-18e8d79f3a31,4,Credit card,99.33
40356ba6-171a-5693-8981-1fc85d9b1b13,4c24863f-0299-5701-98f3-4c6d28e58777,4,Credit card,345.786
73590980-4ade-5dbc-bf9f-ad945094233d,102d353f-17cf-5227-891d-f45f276bcc4f,2,Cash,55.881
5e399335-ef72-5af8-9a31-c602e3ddd901,7aec2efc-a5de-542e-8f69-d0389ef66b49,5,Cash,523.3725
1fe93160-51d0-5798-87be-77d06dc37f61,749f478d-1843-55d8-9137-ad903b79d185,4,Ewallet,314.538
0f07f48c-3a10-54e1-8e0c-56f265d2d194,5ed58c02-c914-59d8-8143-95ca7c432031,5,Ewallet,214.935
ccd0fdc0-20ca-5ef0-92d2-2d451cd7adc7,b873305c-4f94-50ba-a707-cc4a49b7e70a,1,Cash,79.611
22c5cf73-8a46-5106-8739-df70fba72a08,4bcc5ea7-874b-5f87-a3c2-ef2935f5500c,6,Cash,294.651
b23fd0c7-e4b7-59cf-8bfb-76e7327b699f,5f704664-9b7c-5a35-af13-04f3f8adbb70,10,Credit card,339.36
1fe93160-51d0-5798-87be-77d06dc37f61,4b5dcc2c-777d-52a2-b01d-096c44fee4d6,9,Ewallet,510.9615
f9c3c0a8-e4fa-5d33-830d-986ae44655d6,dd510674-73d0-558c-b301-a753c8657ed2,7,Credit card,133.917
23e8bfd8-f703-5e90-85d8-e54b8fad75e9,053ddc58-01ca-5caa-9cb7-531dfc9e53d1,3,Cash,253.512
5e399335-ef72-5af8-9a31-c602e3ddd901,7ca793a4-2fa3-5203-9dd9-e58a484fd0e0,10,Cash,398.475
26ee260e-b80c-5462-9453-4cfffc306c6a,add15d9f-8326-5566-99c0-d79c24b3af40,1,Ewallet,80.661
117c9544-cd22-57b7-8671-035dfef6f154,c368451d-3761-57b9-a0f7-b9a4cd250f15,10,Credit card,548.73
0f07f48c-3a10-54e1-8e0c-56f265d2d194,78b3fe8a-f6cc-59f3-b63e-39a29a579a7c,1,Ewallet,83.727
0f07f48c-3a10-54e1-8e0c-56f265d2d194,bd17377b-f2a8-52b8-ba80-a716011509cd,5,Ewallet,406.875
0f07f48c-3a10-54e1-8e0c-56f265d2d194,f737b0a9-9225-55bd-aca2-dbb1e2dc83d1,5,Ewallet,284.9175
5501a4e8-c2ab-52eb-84a2-d6b5eaa0f17a,28006116-53fa-5c36-8020-ad476c9c91ec,9,Cash,128.4255
caf13408-a463-5fca-9ddd-9470c96435ae,e1daab33-720a-5dee-8923-7308831da1c0,6,Credit card,258.678
ccd0fdc0-20ca-5ef0-92d2-2d451cd7adc7,44e0c425-138a-5853-9faf-0e20f2426f5b,9,Cash,181.818
bbbd14ac-2ee4-5bdb-b942-c9ccd53e147a,8aef68b6-7a6c-56b4-9e58-7d73ca9c67dc,6,Credit card,248.409
36269a10-72af-55ec-8002-e70559038277,19787cdb-812f-59b1-8259-ccb3580bec45,4,Credit card,194.124
3ec1d3f0-47fe-514c-8ef2-d43b7f627c10,328d2ebc-990c-5d7a-a4b6-12c67541abdb,1,Ewallet,14.679
47b45785-749f-5d42-96be-2bb88fd1ab60,3e2646f0-b2f9-59e5-b8d4-172d35d6073d,5,Ewallet,208.6875
1fe93160-51d0-5798-87be-77d06dc37f61,12d53211-9cd5-59a6-ba6d-311bf44a747c,7,Ewallet,718.7565
40356ba6-171a-5693-8981-1fc85d9b1b13,ffe216e5-bd60-5400-acd5-f839f3f84c0f,4,Credit card,282.492
603fabba-b15a-51ad-bfb4-12364a5dff06,361eb299-e933-5d37-aa51-d61c2c737104,5,Credit card,72.3975
7ca50a94-5d86-53ca-9ff4-273461b27762,252990eb-6c81-51e9-ad7b-cbd7b3e1c787,4,Cash,288.582
0f07f48c-3a10-54e1-8e0c-56f265d2d194,975a9631-b95d-5260-8b03-b0052134c4d1,4,Ewallet,237.426
3d560e2c-cab7-5915-94f4-be7ec89b262a,95be32ba-bd3e-55ea-a139-0e6a18d58de2,5,Ewallet,125.055
5e399335-ef72-5af8-9a31-c602e3ddd901,51470902-7774-51c0-867b-48bd2c2a56d3,10,Cash,359.205
489a2507-945d-53fe-9e9e-9e810faa5b7c,5073cf8c-8d7a-5210-9161-0d5eede7d81f,2,Ewallet,45.927
601db0a0-7b77-5f72-b2a9-8e59ce42ac90,1d6ac5e4-b176-5276-8ab0-7e387c844f41,5,Cash,110.0925
ece8d8fa-693e-5168-a2ce-87a568773763,6b30ae9b-4ceb-53b6-97e3-93d2c834ccba,3,Ewallet,81.396
ece8d8fa-693e-5168-a2ce-87a568773763,fa879a60-9ba8-5b74-89f1-80c3101777df,8,Ewallet,427.812
489a2507-945d-53fe-9e9e-9e810faa5b7c,5c445bca-a8bb-5636-a2d7-9959580e1d06,1,Ewallet,100.9155
bbbd14ac-2ee4-5bdb-b942-c9ccd53e147a,0a02c1ff-b410-5743-a669-d4f294284ebe,4,Credit card,190.596
1fe93160-51d0-5798-87be-77d06dc37f61,85c6d7b7-ce64-54c2-8426-c383d68e0977,1,Ewallet,85.5855
47b45785-749f-5d42-96be-2bb88fd1ab60,abc14042-83b6-50cd-aa95-184a7b860f1c,2,Ewallet,120.162
ab78fe55-13c2-5d72-bb25-df449b97ecf4,bd7e52aa-6da5-511c-9d2e-074c404a8116,7,Cash,185.367
1fe93160-51d0-5798-87be-77d06dc37f61,e061abf5-388e-55e6-9fba-bedf39c08429,3,Ewallet,121.59
73590980-4ade-5dbc-bf9f-ad945094233d,6079aa76-6d75-54bb-82d7-7c12e43a9f4b,3,Cash,264.7575
cfb6efa3-fec2-5db0-ba8f-ccee919a6fad,dd8cefa8-f623-5bdf-a28b-d875ba581654,10,Credit card,1020.705
388b4936-5fe1-5e9c-8ccd-f79b86d8d57c,7521343b-d96f-518a-b6cc-9f9817eb96b8,8,Credit card,213.528
22c5cf73-8a46-5106-8739-df70fba72a08,ce96118d-ef25-52cc-8452-829003182487,1,Cash,17.094
ccd0fdc0-20ca-5ef0-92d2-2d451cd7adc7,24e8adf9-a0d1-52bb-ad73-7d0ce4b9d575,9,Cash,383.7645
601db0a0-7b77-5f72-b2a9-8e59ce42ac90,a43aa194-704c-595f-86fb-35c12c41ca66,7,Cash,390.7995
caf13408-a463-5fca-9ddd-9470c96435ae,1270f588-47b5-5fdf-b7f7-1d1e2e19da42,3,Credit card,65.7405
5501a4e8-c2ab-52eb-84a2-d6b5eaa0f17a,86f95b4b-3cd5-5058-813a-c1c565f913c1,5,Cash,353.1675
65877248-aab7-5dba-8334-f20bf6c52b12,261a2587-2ad8-50ab-a729-eab8232e3c1d,10,Ewallet,951.825
f9c3c0a8-e4fa-5d33-830d-986ae44655d6,1bb44e65-7e54-5c82-bdf6-04ce40b6ab1a,2,Credit card,145.068
a4dbea92-0027-5455-924d-40e51653b79e,8ebf5c77-a79c-5358-b6d0-66a2ecd539d3,2,Ewallet,90.867
0f07f48c-3a10-54e1-8e0c-56f265d2d194,fba3f969-e98b-59b5-834d-171dca5b20d4,6,Ewallet,147.798
f9c3c0a8-e4fa-5d33-830d-986ae44655d6,555d4537-29eb-5c37-85cd-c7d0d56e13d3,7,Credit card,702.219
8f1d4f8c-8039-518e-918a-20b931d1b1a9,ec84f6b2-71f9-5174-90f9-fa33493f7c37,1,Credit card,49.812
a4dbea92-0027-5455-924d-40e51653b79e,ec4535bf-2965-5f9a-8800-c4c06b060e6b,9,Ewallet,937.818
3ec1d3f0-47fe-514c-8ef2-d43b7f627c10,d4692c36-4c06-5b0f-a194-a9386e8b5c8a,4,Ewallet,348.306
603fabba-b15a-51ad-bfb4-12364a5dff06,0b0b753e-d68e-50b3-a56d-16ae2ccc5f43,6,Credit card,214.137
3ec1d3f0-47fe-514c-8ef2-d43b7f627c10,751a1cc8-5d83-5bd3-9e19-460b42ef6e79,4,Ewallet,71.568
bbbd14ac-2ee4-5bdb-b942-c9ccd53e147a,4a45048f-1bcf-56c6-88eb-b3f2800e4e73,8,Credit card,343.224
97a2a6b1-12c9-5bd7-88f4-8958f1381d36,a88b9335-b30d-556a-b6e5-152ea9018aa8,5,Cash,91.56
caf13408-a463-5fca-9ddd-9470c96435ae,05a02e4b-8a6e-5b1a-adad-89849bd70ce4,8,Credit card,742.812
117c9544-cd22-57b7-8671-035dfef6f154,ea5f4e71-cc1e-530e-bf7b-1d6e8d6aef55,9,Credit card,843.0345
a4dbea92-0027-5455-924d-40e51653b79e,a5feb220-8af3-5bd9-becb-d07361d64ab3,1,Ewallet,13.419
1c449dc2-c764-5fba-9e4a-8f785e2d11de,0617d48b-c493-5633-8807-cfdb089c155d,7,Cash,140.385
caf13408-a463-5fca-9ddd-9470c96435ae,1c30dc55-3d9d-5c4e-9070-88ca2e5d0bcd,1,Credit card,20.1075
ea1c3ab6-5379-58c9-839d-c40fdad97866,0d53a1b6-22ca-5738-b8af-b34ffcea58fe,10,Credit card,290.43
36269a10-72af-55ec-8002-e70559038277,e49c0e06-b7aa-5d88-a2a4-c68d0fc69e46,3,Credit card,144.081
caf13408-a463-5fca-9ddd-9470c96435ae,1082cdde-5229-540b-a778-ff05c0dade8b,1,Credit card,28.4235
caf13408-a463-5fca-9ddd-9470c96435ae,bdd6c65a-c7a4-5090-97e8-fb2fee29770f,1,Credit card,41.076
5e399335-ef72-5af8-9a31-c602e3ddd901,8dcaf944-e0ad-5fb2-80cd-e4b5a54b3b07,6,Cash,470.673
5501a4e8-c2ab-52eb-84a2-d6b5eaa0f17a,bdbd6de4-6c39-5a18-971b-9169511b8ad3,6,Cash,138.663
0f07f48c-3a10-54e1-8e0c-56f265d2d194,5ba0a6b6-299a-504c-b4d7-0a415171cc27,5,Ewallet,333.9525
ece8d8fa-693e-5168-a2ce-87a568773763,22d3d141-6cf6-5a21-8fda-6440603bfca6,1,Ewallet,26.25
601db0a0-7b77-5f72-b2a9-8e59ce42ac90,03b3085a-35af-537b-8386-28a412b6222e,4,Cash,87.234
7ca50a94-5d86-53ca-9ff4-273461b27762,29464853-a991-5e77-ae61-20245db20fe8,5,Cash,155.19
caf13408-a463-5fca-9ddd-9470c96435ae,ae77eb34-5122-5c91-a201-095a11f4d038,9,Credit card,731.43
5501a4e8-c2ab-52eb-84a2-d6b5eaa0f17a,5a449eca-c75d-58b7-af71-62d2881cfebc,10,Cash,833.595
23e8bfd8-f703-5e90-85d8-e54b8fad75e9,ebbbea9a-ff5e-58f1-8a2f-2e3c735ce951,10,Cash,488.985
36269a10-72af-55ec-8002-e70559038277,fb94d141-7101-569b-beb6-de630d7cd440,1,Credit card,37.6845
22c5cf73-8a46-5106-8739-df70fba72a08,199d347d-5e2f-586a-8099-b159e330ed54,5,Cash,212.73
caf13408-a463-5fca-9ddd-9470c96435ae,b5799eac-7f7a-53c2-8dd6-806635119669,10,Credit card,767.025
73590980-4ade-5dbc-bf9f-ad945094233d,b13b97fb-be33-5a2d-8ec0-92736f843850,4,Cash,310.59
23e8bfd8-f703-5e90-85d8-e54b8fad75e9,78be22cb-ba99-5418-92e0-d0927b613c0a,1,Cash,23.751
40356ba6-171a-5693-8981-1fc85d9b1b13,62519bae-f8fd-5495-b12d-82de2bf1067f,5,Credit card,269.535
cfb6efa3-fec2-5db0-ba8f-ccee919a6fad,a96d6cfc-86ad-5628-a58a-fdfe53b2291c,10,Credit card,572.775
cfb6efa3-fec2-5db0-ba8f-ccee919a6fad,54c25c79-650c-5a81-8b4f-12c82641dac0,7,Credit card,273.0525
5501a4e8-c2ab-52eb-84a2-d6b5eaa0f17a,e1b70392-63cb-555d-a970-cec7b5fa24fa,6,Cash,233.226
a4dbea92-0027-5455-924d-40e51653b79e,4a343ca9-88a1-52fe-b5d3-c8f4ec8046f4,1,Ewallet,22.659
23e8bfd8-f703-5e90-85d8-e54b8fad75e9,6de3f9fd-0e34-55c7-93a9-c7058c833d88,1,Cash,103.782
1fe93160-51d0-5798-87be-77d06dc37f61,2e66dae9-a278-518c-9bc3-4628c9e961b5,6,Ewallet,527.751
ab78fe55-13c2-5d72-bb25-df449b97ecf4,f4aa2563-b534-5efd-80a9-e2e396f62468,4,Cash,168.21
40356ba6-171a-5693-8981-1fc85d9b1b13,279ea730-18c0-58ba-a00e-9492509e1873,10,Credit card,452.865
ccd0fdc0-20ca-5ef0-92d2-2d451cd7adc7,4f595cab-a498-5c88-bf0e-cd388f5f832e,8,Cash,609.588
ab78fe55-13c2-5d72-bb25-df449b97ecf4,7687a274-09ec-5b6d-a3dc-7999e8ea7c07,5,Cash,338.31
603fabba-b15a-51ad-bfb4-12364a5dff06,3224e6cf-5bab-5a8c-941d-1ec6adaf7dfc,3,Credit card,205.317
b23fd0c7-e4b7-59cf-8bfb-76e7327b699f,ef9d5ef1-b5ac-5b28-8917-f496d66f9236,5,Credit card,174.615
a4dbea92-0027-5455-924d-40e51653b79e,81befd83-edfe-5791-bcdf-2731dc7b1d35,4,Ewallet,353.094
489a2507-945d-53fe-9e9e-9e810faa5b7c,a7a3c167-1d41-5065-9c5d-d01540e52ede,10,Ewallet,360.885
ece8d8fa-693e-5168-a2ce-87a568773763,77f9dfa3-8047-5bde-80ce-95257a634ff4,1,Ewallet,40.53
22c5cf73-8a46-5106-8739-df70fba72a08,0f0949c8-c990-5c07-a91c-ad463bfb3634,8,Cash,554.148
73590980-4ade-5dbc-bf9f-ad945094233d,b150d426-2c02-56ef-b53f-35ff244ffb28,10,Cash,344.4
ece8d8fa-693e-5168-a2ce-87a568773763,da07a75e-f0f4-5b4d-bb4a-4261cf59de7c,5,Ewallet,194.985
ccd0fdc0-20ca-5ef0-92d2-2d451cd7adc7,b10f9bcd-02a7-5311-a196-bae95e68417e,10,Cash,633.99
cfb6efa3-fec2-5db0-ba8f-ccee919a6fad,a5e8714a-76ba-5996-ab42-ba52bf7c3946,10,Credit card,388.29
50e2f71d-b9a2-57fc-8bf7-9f5de273c630,1f67e22a-58b7-53c3-9e9a-9358b8e5f302,4,Ewallet,207.858
5e399335-ef72-5af8-9a31-c602e3ddd901,bbabbdba-e533-554d-9d4e-777ccedfaf1a,10,Cash,431.445
ece8d8fa-693e-5168-a2ce-87a568773763,f38f0b0b-0565-5446-a3fc-784b8fee9cc3,4,Ewallet,156.03
22c5cf73-8a46-5106-8739-df70fba72a08,64c4fd36-2be2-5f94-bfed-7948fa5d3b56,1,Cash,24.108
50e2f71d-b9a2-57fc-8bf7-9f5de273c630,d0e66e03-91b7-50a2-b168-8c269ef9799c,9,Ewallet,734.076
47b45785-749f-5d42-96be-2bb88fd1ab60,74cb08b4-6b55-5ee0-8594-61bd27495ad0,2,Ewallet,72.87
117c9544-cd22-57b7-8671-035dfef6f154,009be712-749a-58ec-a26d-ef532e9d7c2e,10,Credit card,206.43
50e2f71d-b9a2-57fc-8bf7-9f5de273c630,dd46cf24-1538-5753-8564-abeb8a692d9b,8,Ewallet,212.688
cfb6efa3-fec2-5db0-ba8f-ccee919a6fad,122d7fb7-b51a-58eb-ab71-ddc3ce40c2e6,10,Credit card,127.26
489a2507-945d-53fe-9e9e-9e810faa5b7c,b8abc066-7915-50aa-ab04-e7a8c4c782ae,2,Ewallet,209.769
5501a4e8-c2ab-52eb-84a2-d6b5eaa0f17a,5fc7c3dd-82a6-51e5-aa2b-6636c078af34,8,Cash,637.728
73590980-4ade-5dbc-bf9f-ad945094233d,da6d7eb7-037b-5b03-9112-007aba5a2148,2,Cash,132.762
73590980-4ade-5dbc-bf9f-ad945094233d,13abbf52-e01a-5683-87d8-e7e33f775a34,6,Cash,568.512
7ca50a94-5d86-53ca-9ff4-273461b27762,2fa9913a-f91a-5c01-87b3-3eb35233c08e,1,Cash,103.0365
ab78fe55-13c2-5d72-bb25-df449b97ecf4,49250c98-c66e-5407-a47a-ee0263e90778,8,Cash,432.768
388b4936-5fe1-5e9c-8ccd-f79b86d8d57c,f3e5f113-7e17-5210-90c5-a298e7414af2,1,Credit card,77.6685
1fe93160-51d0-5798-87be-77d06dc37f61,93488da4-9fce-5929-b70e-d8b0c47db6e2,1,Ewallet,33.495
a4dbea92-0027-5455-924d-40e51653b79e,b38d06ad-1771-594f-b677-045242e4e442,2,Ewallet,145.74
5e399335-ef72-5af8-9a31-c602e3ddd901,4bd490b4-d648-5880-a05b-0a54729da1e7,2,Cash,195.951
f9c3c0a8-e4fa-5d33-830d-986ae44655d6,6e5b77eb-6226-5dd5-8206-d01747ff6a1a,1,Credit card,92.8725
26ee260e-b80c-5462-9453-4cfffc306c6a,0b4ad59d-69a4-5b99-ab64-2dc910b1640f,8,Ewallet,203.112
7ca50a94-5d86-53ca-9ff4-273461b27762,91474329-c230-57d5-a575-1d94499feef5,3,Cash,152.775
8f1d4f8c-8039-518e-918a-20b931d1b1a9,b7c0697f-9a6f-542c-ac8c-6414d9308d83,6,Credit card,529.515
ccd0fdc0-20ca-5ef0-92d2-2d451cd7adc7,c4aba4c6-4fcd-5244-93ed-31a9e0fa6c78,5,Cash,321.7725
cfb6efa3-fec2-5db0-ba8f-ccee919a6fad,b8fb7de1-d5b5-507b-9416-601c9074d3fe,6,Credit card,100.485
caf13408-a463-5fca-9ddd-9470c96435ae,11ab777f-2afc-575e-8355-d945c5c54406,7,Credit card,666.939
0f07f48c-3a10-54e1-8e0c-56f265d2d194,3fe44ac9-c136-5ea5-919f-d9582dc363e0,5,Ewallet,225.2775
0f07f48c-3a10-54e1-8e0c-56f265d2d194,163c9509-5b6b-5c80-a553-ca8ccf67b8b2,7,Ewallet,398.958
44b8c347-6309-5988-b36a-b8ec5d67450a,40754ea4-1df6-5d24-a7a1-c453e9b9b76e,7,Cash,731.6925
ea1c3ab6-5379-58c9-839d-c40fdad97866,01b4c014-5b5c-525e-9425-500460a84cce,7,Credit card,429.1665
1fe93160-51d0-5798-87be-77d06dc37f61,5b803d48-83da-5ac7-9d04-6c658e04812a,1,Ewallet,54.0435
d241e6de-9267-58e6-be68-11126eeb8b46,9d2da7ff-590b-5eca-a992-ec695c9e25b6,5,Ewallet,288.015
ea1c3ab6-5379-58c9-839d-c40fdad97866,5c6c7b55-3189-5b3e-b3bf-709cbb02c12f,5,Credit card,206.7975
ece8d8fa-693e-5168-a2ce-87a568773763,f8dea8fc-984f-5dea-9ec9-8d443d904db5,2,Ewallet,72.933
ea1c3ab6-5379-58c9-839d-c40fdad97866,11c0f2e1-7a4e-52ea-baf2-9d4b0a5ba1fc,5,Credit card,377.58
8f1d4f8c-8039-518e-918a-20b931d1b1a9,2a3e329d-3838-59d3-98de-ae1e44001426,3,Credit card,143.9865
23e8bfd8-f703-5e90-85d8-e54b8fad75e9,a8134e88-c4af-5091-be9a-f579e0695de7,6,Cash,523.971
117c9544-cd22-57b7-8671-035dfef6f154,4344df7b-c370-5641-bada-4c2f1ce8afe4,6,Credit card,235.872
22c5cf73-8a46-5106-8739-df70fba72a08,388ee503-e6f9-5004-9161-e1a953928161,2,Cash,132.027
603fabba-b15a-51ad-bfb4-12364a5dff06,dd67174d-ddc1-5922-8300-318df30381a8,6,Credit card,514.773
65877248-aab7-5dba-8334-f20bf6c52b12,404625ea-67e6-5b4c-b1a7-13dd6cac99a2,5,Ewallet,479.9025
f9c3c0a8-e4fa-5d33-830d-986ae44655d6,b0aa0299-0566-55ec-90fc-6fad8a7dd60b,4,Credit card,164.682
d241e6de-9267-58e6-be68-11126eeb8b46,9833bcfb-19b9-5a68-bb38-e0f447bbfab2,2,Ewallet,125.706
caf13408-a463-5fca-9ddd-9470c96435ae,1c1cd832-5bf0-5935-8da2-18a5a7de071d,10,Credit card,570.78
44b8c347-6309-5988-b36a-b8ec5d67450a,0b077898-4b34-564b-ac7c-7adac8d08f2c,9,Cash,926.9505
ece8d8fa-693e-5168-a2ce-87a568773763,eaf16f7f-cfcc-514b-ab67-c786d8caceca,6,Ewallet,160.209
40356ba6-171a-5693-8981-1fc85d9b1b13,3a26f05b-1dc2-5950-af7c-9bf7ee72774c,8,Credit card,728.112
489a2507-945d-53fe-9e9e-9e810faa5b7c,fd5b04da-e121-5c9a-975a-1cef3dc25138,10,Ewallet,240.975
3d560e2c-cab7-5915-94f4-be7ec89b262a,e3357845-f8ae-55a6-844b-109bedeafae8,9,Ewallet,154.1295
0f07f48c-3a10-54e1-8e0c-56f265d2d194,23d0b5db-b6e6-56bb-8511-d45097ceed6f,5,Ewallet,148.68
a4dbea92-0027-5455-924d-40e51653b79e,cb1702bf-5345-5cd3-ada9-a939ecb182fd,7,Ewallet,122.5245
caf13408-a463-5fca-9ddd-9470c96435ae,71628340-7c95-5fb4-9491-7d5fe68e5ea6,1,Credit card,77.658
ece8d8fa-693e-5168-a2ce-87a568773763,b19f5802-fcaf-5a79-b9d4-2b679b068d01,1,Ewallet,102.837
b23fd0c7-e4b7-59cf-8bfb-76e7327b699f,7b7bb551-6604-5301-bef2-084babae0a3f,4,Credit card,306.81
1fe93160-51d0-5798-87be-77d06dc37f61,9b70a203-ca31-53a1-b2cc-19ecdd1b462a,6,Ewallet,551.124
ece8d8fa-693e-5168-a2ce-87a568773763,f531802f-b9e6-5925-b7c8-65670e5f2374,3,Ewallet,96.642
ea1c3ab6-5379-58c9-839d-c40fdad97866,47068dca-91ec-57fb-b06c-832e94a1e094,1,Credit card,79.674
caf13408-a463-5fca-9ddd-9470c96435ae,42934b24-3ce3-50d4-8ab4-b4a824897749,4,Credit card,84.756
ea1c3ab6-5379-58c9-839d-c40fdad97866,78168948-225d-5a8b-bf28-a414833d1451,6,Credit card,118.251
8f1d4f8c-8039-518e-918a-20b931d1b1a9,9ea3a745-82fe-5932-aa78-b8a7784124ee,1,Credit card,74.76
d241e6de-9267-58e6-be68-11126eeb8b46,6d416831-b171-532e-aa27-eb562c978c08,4,Ewallet,163.002
0f07f48c-3a10-54e1-8e0c-56f265d2d194,26f7eec2-7566-5d0d-835f-b6f39887ef29,10,Ewallet,308.91
603fabba-b15a-51ad-bfb4-12364a5dff06,58f0f7ad-ec3e-5739-9017-56750a8a808c,9,Credit card,575.9775
5e399335-ef72-5af8-9a31-c602e3ddd901,ab0dd60d-9299-52c5-97da-ab4c9d3976d5,5,Cash,270.585
1c449dc2-c764-5fba-9e4a-8f785e2d11de,2c1c6eb5-4b22-5be9-b6fb-4f07eeb7d8e2,6,Cash,416.178
489a2507-945d-53fe-9e9e-9e810faa5b7c,8acc892e-fee5-5679-ab75-4370b306c0e7,3,Ewallet,180.4005
5e399335-ef72-5af8-9a31-c602e3ddd901,53f49c87-ddba-59e0-85d1-361707123771,9,Cash,513.2295
5e399335-ef72-5af8-9a31-c602e3ddd901,ac9ec6e8-ab4a-5b48-9ec5-9401c54a07ad,9,Cash,550.368
36269a10-72af-55ec-8002-e70559038277,c4e4a988-2c89-5ee2-a0d5-a68e3bf38aef,6,Credit card,139.923
601db0a0-7b77-5f72-b2a9-8e59ce42ac90,eb2f136f-ee91-5ebe-9e0b-11becd39e29a,7,Cash,142.002
f9c3c0a8-e4fa-5d33-830d-986ae44655d6,830847ff-1739-53af-a9b8-d679b3e3ce2b,3,Credit card,118.062
7ca50a94-5d86-53ca-9ff4-273461b27762,f29a8391-a442-5511-ad3f-797bcd472ee8,2,Cash,151.284
1fe93160-51d0-5798-87be-77d06dc37f61,5dd76d43-3e08-53f2-a1c7-d6ddcb552a33,10,Ewallet,1034.46
26ee260e-b80c-5462-9453-4cfffc306c6a,25282ed8-1424-5536-ad5e-2128f842e4eb,6,Ewallet,262.458
65877248-aab7-5dba-8334-f20bf6c52b12,73f3213f-a9fc-53fd-a6e5-b5798aabfef7,3,Ewallet,228.123
5501a4e8-c2ab-52eb-84a2-d6b5eaa0f17a,414a7c02-0eab-555e-adfb-ce62931517e3,9,Cash,203.931
36269a10-72af-55ec-8002-e70559038277,df571da9-e0bd-59f9-94f5-e92145aef375,10,Credit card,936.6
47b45785-749f-5d42-96be-2bb88fd1ab60,5ac5b892-3170-5462-8df0-2cca9617dc13,8,Ewallet,356.328
26ee260e-b80c-5462-9453-4cfffc306c6a,ec629ce8-ac72-5541-bc15-b99d3e65669e,6,Ewallet,469.413
5501a4e8-c2ab-52eb-84a2-d6b5eaa0f17a,0436ecb1-2a1a-59dd-a122-453b3a85a78d,2,Cash,208.425
b23fd0c7-e4b7-59cf-8bfb-76e7327b699f,76e78fb2-8cc1-5b19-b6b6-ff6e8e04fd3b,10,Credit card,852.705
bbbd14ac-2ee4-5bdb-b942-c9ccd53e147a,2ceb0f76-cd5f-526a-8ff2-53bf365f749e,10,Credit card,517.965
1c449dc2-c764-5fba-9e4a-8f785e2d11de,8b4a8eff-6a49-50c2-a4e0-36bdf8482b71,9,Cash,621.243
8f1d4f8c-8039-518e-918a-20b931d1b1a9,2d78f90e-75d4-5c9f-8601-d4d418fc36d0,7,Credit card,586.971
3d560e2c-cab7-5915-94f4-be7ec89b262a,876d0947-2150-5d30-88d8-23510f65ae65,7,Ewallet,543.753
caf13408-a463-5fca-9ddd-9470c96435ae,4dc0bff7-59ea-5233-b2c5-ceb81f169105,5,Credit card,430.71
ccd0fdc0-20ca-5ef0-92d2-2d451cd7adc7,f0f7e42f-8b66-554d-83dd-9d8d3d162091,10,Cash,280.035
26ee260e-b80c-5462-9453-4cfffc306c6a,06d789c7-5596-5fb0-9e21-c37b37ff466f,7,Ewallet,74.4555
f9c3c0a8-e4fa-5d33-830d-986ae44655d6,7f64cf0c-349c-561f-8a26-41771e6b4acb,2,Credit card,152.019
603fabba-b15a-51ad-bfb4-12364a5dff06,a1d19754-84d6-5e53-9a82-36ff4e74f5ea,5,Credit card,451.0275
d241e6de-9267-58e6-be68-11126eeb8b46,a6902385-068b-501a-9c23-957a2541112e,7,Ewallet,597.6285
5501a4e8-c2ab-52eb-84a2-d6b5eaa0f17a,80a5528a-8f3b-5e0d-8fcb-63130617d6d1,4,Cash,253.26
a4dbea92-0027-5455-924d-40e51653b79e,655527b3-0a99-5e6a-ab98-b04abc521112,4,Ewallet,133.434
1c449dc2-c764-5fba-9e4a-8f785e2d11de,488cec4b-5345-5b21-9a81-0a9d6ca608b9,4,Cash,269.934
489a2507-945d-53fe-9e9e-9e810faa5b7c,6dc518b5-6c16-526d-9389-dbaec61ad6c2,2,Ewallet,145.971
22c5cf73-8a46-5106-8739-df70fba72a08,f9c24fa4-9c34-575b-a2a5-2d5741d8b52d,3,Cash,85.743
ab78fe55-13c2-5d72-bb25-df449b97ecf4,12875b3f-6fd2-50a5-9d0d-cc981907879b,4,Cash,326.256
cfb6efa3-fec2-5db0-ba8f-ccee919a6fad,7a96c5a4-6df2-5ae8-87d1-8ad27aba51b8,2,Credit card,195.258
caf13408-a463-5fca-9ddd-9470c96435ae,ff8b5b63-2e78-51e8-ac02-6735cfb61e6d,4,Credit card,75.936
489a2507-945d-53fe-9e9e-9e810faa5b7c,fce48276-ad85-5ad0-9842-071b199123b7,3,Ewallet,198.639
603fabba-b15a-51ad-bfb4-12364a5dff06,9b976cb4-f004-5cec-adff-cdc4ef23edf7,4,Credit card,217.182
1c449dc2-c764-5fba-9e4a-8f785e2d11de,ed0b4afd-0eab-55aa-96a5-8f29ea451057,3,Cash,164.871
0f07f48c-3a10-54e1-8e0c-56f265d2d194,6ce70082-bd6c-5d8b-ac0d-bce253ef51a5,5,Ewallet,226.065
22c5cf73-8a46-5106-8739-df70fba72a08,9bb9dfc7-51dd-5ac1-9879-a3b9d65ea959,10,Cash,625.905
44b8c347-6309-5988-b36a-b8ec5d67450a,060b1ae1-a537-5aa2-90e3-e2687571c4b1,5,Cash,76.755
ea1c3ab6-5379-58c9-839d-c40fdad97866,660c317b-70b6-5d5c-bf6b-a753b2364455,6,Credit card,293.139
1fe93160-51d0-5798-87be-77d06dc37f61,fdd68f1e-f4af-52be-a8b7-f86663c5f50a,7,Ewallet,178.164
ab78fe55-13c2-5d72-bb25-df449b97ecf4,32c05ef2-c91a-5b63-add7-8e2a48071bdc,1,Cash,47.859
65877248-aab7-5dba-8334-f20bf6c52b12,516ee261-4796-5183-b869-e33049a421f6,3,Ewallet,236.88
ccd0fdc0-20ca-5ef0-92d2-2d451cd7adc7,aa657669-9943-5280-9fa3-3781312ee777,3,Cash,304.92
f9c3c0a8-e4fa-5d33-830d-986ae44655d6,9bc0551a-e346-5713-ba26-3d1c2d85beff,3,Credit card,46.683
603fabba-b15a-51ad-bfb4-12364a5dff06,9051609c-a257-5fd8-9d1d-25f4fb98ab0f,3,Credit card,164.43
3d560e2c-cab7-5915-94f4-be7ec89b262a,d6a23056-75f2-503c-8613-37b669c3f4f4,9,Ewallet,440.937
73590980-4ade-5dbc-bf9f-ad945094233d,27bf6a35-2d6a-5455-ba27-06fd6ac3e098,5,Cash,193.4625
65877248-aab7-5dba-8334-f20bf6c52b12,0c67845b-d9c1-5b1e-a8d7-089364aef876,2,Ewallet,147.672
a4dbea92-0027-5455-924d-40e51653b79e,67593158-8a03-5714-8904-c310400cab84,1,Ewallet,87.234
bbbd14ac-2ee4-5bdb-b942-c9ccd53e147a,2a870cf1-d5ee-5c9c-a6f2-740ebefc18ad,1,Credit card,68.2395
a4dbea92-0027-5455-924d-40e51653b79e,0ec78dc4-f0d2-5a82-9c7a-8e8b47c18db9,10,Ewallet,814.38
47b45785-749f-5d42-96be-2bb88fd1ab60,0ca0dbdc-b5f9-5f37-ac44-6888b1929cd8,6,Ewallet,343.413
23e8bfd8-f703-5e90-85d8-e54b8fad75e9,fc2e6b04-028b-5606-b266-571a89d9bb12,7,Cash,381.3915
5501a4e8-c2ab-52eb-84a2-d6b5eaa0f17a,22c7457c-6ad0-5f8e-834d-40e4cd764fb0,4,Cash,133.35
65877248-aab7-5dba-8334-f20bf6c52b12,eea42d62-3a44-5b2c-a6f6-95a572baecaf,7,Ewallet,394.3275
cfb6efa3-fec2-5db0-ba8f-ccee919a6fad,5da74abf-b4be-5188-a694-451b2bceed70,4,Credit card,209.118
ece8d8fa-693e-5168-a2ce-87a568773763,64bcdf49-9cf6-5a27-9f2a-57b7e27b0eed,1,Ewallet,32.1405
d241e6de-9267-58e6-be68-11126eeb8b46,0fc91843-7af8-59ea-ae9a-cef191ddcbef,2,Ewallet,121.569
b23fd0c7-e4b7-59cf-8bfb-76e7327b699f,73a3c0f8-696d-5b11-aba7-4eb041e0ee26,1,Credit card,30.408
23e8bfd8-f703-5e90-85d8-e54b8fad75e9,17503afc-6d6e-5508-87f5-bec6781695cc,9,Cash,935.2665
ccd0fdc0-20ca-5ef0-92d2-2d451cd7adc7,b8746dd6-f024-5a51-9896-7d49e0a03d4c,3,Cash,293.643
ea1c3ab6-5379-58c9-839d-c40fdad97866,41a1178a-4085-51b5-96b8-1e0335a6b4e9,1,Credit card,84.9765
26ee260e-b80c-5462-9453-4cfffc306c6a,06773f5a-8794-5838-b567-73bf74e2669c,10,Ewallet,708.225
65877248-aab7-5dba-8334-f20bf6c52b12,b938f28b-a254-5835-9f19-456d6a251210,9,Ewallet,365.904
ccd0fdc0-20ca-5ef0-92d2-2d451cd7adc7,d9ea225d-d3f2-5117-a7aa-58c780c7e041,6,Cash,457.38
3ec1d3f0-47fe-514c-8ef2-d43b7f627c10,b9729f22-4e5e-5690-ad94-ab8dadb67296,5,Ewallet,461.5275
40356ba6-171a-5693-8981-1fc85d9b1b13,988e0321-99fe-54ba-a8cd-9aeedc7cc48e,6,Credit card,620.739
1fe93160-51d0-5798-87be-77d06dc37f61,df1c8404-0e63-500e-86a6-a5300e724706,6,Ewallet,273.798
b23fd0c7-e4b7-59cf-8bfb-76e7327b699f,e4ad0649-fc25-53b6-bacf-c586c7d05c64,3,Credit card,225.792
ab78fe55-13c2-5d72-bb25-df449b97ecf4,532140bb-f16a-58b6-a66f-9faaec9aea7d,1,Cash,96.1905
caf13408-a463-5fca-9ddd-9470c96435ae,f3e3c953-2418-53c8-8896-d6b8a00d56ab,7,Credit card,695.2365
8f1d4f8c-8039-518e-918a-20b931d1b1a9,96f8c2da-05a0-5580-be36-e4421821e5f3,10,Credit card,874.125
ccd0fdc0-20ca-5ef0-92d2-2d451cd7adc7,6bacfa83-0daa-563f-b7d3-97dfdad77640,1,Cash,95.9175
7ca50a94-5d86-53ca-9ff4-273461b27762,51541531-bc09-59e1-80f6-265299b0f4a4,2,Cash,165.648
ece8d8fa-693e-5168-a2ce-87a568773763,bd9926a9-4e2b-5fec-9be4-493396fc8929,2,Ewallet,127.827
ccd0fdc0-20ca-5ef0-92d2-2d451cd7adc7,b8e95275-748d-575e-98f1-9f8f64ce4751,10,Cash,867.09
26ee260e-b80c-5462-9453-4cfffc306c6a,ef9a931a-6843-5269-a9c8-e57cd1324136,3,Ewallet,167.895
b23fd0c7-e4b7-59cf-8bfb-76e7327b699f,a6dc25e7-1ec1-5346-95f4-be83a4f2c40b,1,Credit card,12.6945
603fabba-b15a-51ad-bfb4-12364a5dff06,86e01963-0211-52cf-8585-e874632515cd,10,Credit card,673.995
ece8d8fa-693e-5168-a2ce-87a568773763,26fa867c-9506-5060-a77f-c3a010768a85,3,Ewallet,246.6765
40356ba6-171a-5693-8981-1fc85d9b1b13,517b5111-9232-5bac-9cdb-e1ef2b29243a,2,Credit card,175.917
489a2507-945d-53fe-9e9e-9e810faa5b7c,fabc2d27-4fb2-525b-abab-ac913dd5fb8d,3,Ewallet,314.055
388b4936-5fe1-5e9c-8ccd-f79b86d8d57c,9a53e06e-55d1-5515-8434-0b455aeeb55f,3,Credit card,251.7165
388b4936-5fe1-5e9c-8ccd-f79b86d8d57c,cfadd531-6af3-590b-bc68-471f01f31704,10,Credit card,697.935
603fabba-b15a-51ad-bfb4-12364a5dff06,294a7e01-2386-5c85-a549-58efa45096c2,7,Credit card,212.7825
73590980-4ade-5dbc-bf9f-ad945094233d,1d894448-89e9-53a6-9199-620cfe6ffb61,1,Cash,48.51
7ca50a94-5d86-53ca-9ff4-273461b27762,73c5a380-91a3-54d5-b2c4-0d1857dcdad7,5,Cash,92.5575
489a2507-945d-53fe-9e9e-9e810faa5b7c,e2a32892-8913-5ba1-bb5f-a4b20cf7ab1f,3,Ewallet,165.123
50e2f71d-b9a2-57fc-8bf7-9f5de273c630,f768e3e6-4b89-5454-9c44-b47e38242342,3,Ewallet,311.1885
1fe93160-51d0-5798-87be-77d06dc37f61,e7ff0561-0c2b-5c89-9a51-6f7a84703c33,8,Ewallet,743.82
d241e6de-9267-58e6-be68-11126eeb8b46,ff2fb723-d0f1-589f-8153-113bfd43e75d,2,Ewallet,116.907
cfb6efa3-fec2-5db0-ba8f-ccee919a6fad,cc4ca4f5-e6a4-5aab-8632-0bc3f869af45,8,Credit card,609.168
3ec1d3f0-47fe-514c-8ef2-d43b7f627c10,d849c082-8d19-55a3-8584-45221cf56bba,5,Ewallet,63.2625
26ee260e-b80c-5462-9453-4cfffc306c6a,c2db2632-9ff7-5607-8ddc-9d857a11dce7,9,Ewallet,182.952
22c5cf73-8a46-5106-8739-df70fba72a08,e7412665-206b-550e-aa52-1670a9577771,6,Cash,442.323
ccd0fdc0-20ca-5ef0-92d2-2d451cd7adc7,c00b4b37-3410-5c3d-a98d-aba2f7e62059,1,Cash,35.3115
23e8bfd8-f703-5e90-85d8-e54b8fad75e9,12c0763e-106c-52b5-838e-bbc74dd34d87,2,Cash,32.529
22c5cf73-8a46-5106-8739-df70fba72a08,d3c2e6fc-e00c-5d3f-8177-139a4aeaaae1,10,Cash,259.77
489a2507-945d-53fe-9e9e-9e810faa5b7c,3070f5fa-db60-57a1-a79e-6ecdd855a4df,5,Ewallet,397.215
5e399335-ef72-5af8-9a31-c602e3ddd901,ff6d4881-b7cf-5b74-aa10-9ed0e1372399,6,Cash,351.603
601db0a0-7b77-5f72-b2a9-8e59ce42ac90,cf1dc7c4-06b9-5c55-80f0-2d4867e183df,10,Cash,764.19
d241e6de-9267-58e6-be68-11126eeb8b46,9dbef214-8f97-5277-9cd7-c14a36e4f77e,9,Ewallet,352.674
388b4936-5fe1-5e9c-8ccd-f79b86d8d57c,11c54094-1461-55bf-85a7-63196a1ef3ec,4,Credit card,252.756
b23fd0c7-e4b7-59cf-8bfb-76e7327b699f,e09e9356-c077-5f79-bffb-bb7ff17cb734,3,Credit card,49.4235
bbbd14ac-2ee4-5bdb-b942-c9ccd53e147a,a7a27c9e-67bc-5930-b1f9-f64902c034ae,1,Credit card,104.6745
65877248-aab7-5dba-8334-f20bf6c52b12,dfb2ac23-db90-56c8-8c7f-1eb35212008a,3,Ewallet,277.6725
ab78fe55-13c2-5d72-bb25-df449b97ecf4,c0b21d90-3ed2-5484-8956-e59976bc2722,5,Cash,146.6325
40356ba6-171a-5693-8981-1fc85d9b1b13,2df64188-1a2e-55e7-b121-5d7f5ae16b0b,1,Credit card,58.2225
5e399335-ef72-5af8-9a31-c602e3ddd901,48d439fd-b5dd-5ab2-9125-4b627dae33da,3,Cash,135.3555
ea1c3ab6-5379-58c9-839d-c40fdad97866,d8b9146a-58c1-5e64-8e44-6e2e2e00677a,7,Credit card,125.979
caf13408-a463-5fca-9ddd-9470c96435ae,9a32b4c5-738d-559c-8487-740eccbde6b5,6,Credit card,370.125
cfb6efa3-fec2-5db0-ba8f-ccee919a6fad,717a9d8c-1e21-54dc-bb7c-ce3b61fa59e9,10,Credit card,914.55
73590980-4ade-5dbc-bf9f-ad945094233d,2297874f-6719-57e3-9643-78b42f575e3e,2,Cash,207.48
0f07f48c-3a10-54e1-8e0c-56f265d2d194,e9e1acad-ea33-58f4-b572-6fefbb6cdf44,4,Ewallet,204.246
d241e6de-9267-58e6-be68-11126eeb8b46,39bd5e81-704e-5760-bf76-60d0427ad68d,3,Ewallet,181.881
47b45785-749f-5d42-96be-2bb88fd1ab60,dc87fe3d-5d24-56a1-8446-fee2729d8d90,4,Ewallet,75.474
1fe93160-51d0-5798-87be-77d06dc37f61,8a438708-2535-5c6b-bd84-b00c28a1b3e5,6,Ewallet,300.573
8f1d4f8c-8039-518e-918a-20b931d1b1a9,16058c7f-9982-51f1-83c1-f196d2603e5b,2,Credit card,85.302
26ee260e-b80c-5462-9453-4cfffc306c6a,fd07dfb9-874e-5437-8caa-70c12730f787,10,Ewallet,588.42
ccd0fdc0-20ca-5ef0-92d2-2d451cd7adc7,5901ac95-d0b4-5b5f-8f98-8e8708effd45,2,Cash,196.14
47b45785-749f-5d42-96be-2bb88fd1ab60,db7ed367-2f16-5889-826b-ca92c72ac8d9,3,Ewallet,231.2415
36269a10-72af-55ec-8002-e70559038277,612bc3b2-a47d-5ec0-aff0-454a19722886,8,Credit card,282.576
b23fd0c7-e4b7-59cf-8bfb-76e7327b699f,64cf1c45-62a4-596f-82a6-65d3a2385efc,10,Credit card,477.54
ccd0fdc0-20ca-5ef0-92d2-2d451cd7adc7,e89db5a5-ed3f-577c-809b-83417e2ed2ff,2,Cash,175.917
caf13408-a463-5fca-9ddd-9470c96435ae,05e666e2-5e32-55c0-b5f5-749493696ea0,7,Credit card,470.988
ab78fe55-13c2-5d72-bb25-df449b97ecf4,0b22b1f1-42f6-5cbe-994c-54dd63250c52,4,Cash,308.574
a4dbea92-0027-5455-924d-40e51653b79e,825ba395-6266-5a54-81ec-c33bbb258987,10,Ewallet,618.975
26ee260e-b80c-5462-9453-4cfffc306c6a,3553ad94-0e9d-50d6-8b62-8d53cb63678b,6,Ewallet,305.55
7ca50a94-5d86-53ca-9ff4-273461b27762,ef79ccee-d79e-5889-93d1-71febd220be9,1,Cash,41.454
8f1d4f8c-8039-518e-918a-20b931d1b1a9,f49184d2-3c0b-5dde-9538-27c3d9af64cc,1,Credit card,36.5505
3d560e2c-cab7-5915-94f4-be7ec89b262a,16b252fe-52a1-5884-a181-671d02ebad61,6,Ewallet,310.716
26ee260e-b80c-5462-9453-4cfffc306c6a,f26e0e2e-b93c-500c-9c5f-18feb50766d5,2,Ewallet,45.108
50e2f71d-b9a2-57fc-8bf7-9f5de273c630,f64d2100-c0d8-5efb-a835-4988662e7fb3,6,Ewallet,145.404
caf13408-a463-5fca-9ddd-9470c96435ae,5427d23e-239f-5e97-9410-77337e3cd704,2,Credit card,103.11
caf13408-a463-5fca-9ddd-9470c96435ae,c10fd832-beb2-5bf6-9c77-0d4c8f63530a,2,Credit card,136.143
601db0a0-7b77-5f72-b2a9-8e59ce42ac90,8196c237-48ab-53ef-8529-72d5da67cfaa,10,Cash,667.38
97a2a6b1-12c9-5bd7-88f4-8958f1381d36,d5421fa5-e18e-53fe-adbf-1ebc1d022adf,2,Cash,153.048
1c449dc2-c764-5fba-9e4a-8f785e2d11de,5afacc4b-b1f0-5d69-889d-457c3fe56eee,3,Cash,211.365
23e8bfd8-f703-5e90-85d8-e54b8fad75e9,aab2cb03-f01d-5f26-b257-bb1facff2761,9,Cash,663.2955
3ec1d3f0-47fe-514c-8ef2-d43b7f627c10,6d78be08-a76e-5978-92ad-e1467eff714c,7,Ewallet,404.544
601db0a0-7b77-5f72-b2a9-8e59ce42ac90,1a531ed5-d2a7-5c94-9747-4d9248d68810,10,Cash,510.615
23e8bfd8-f703-5e90-85d8-e54b8fad75e9,238beba7-bee5-506e-838f-c6b7bbf841e1,7,Cash,539.343
73590980-4ade-5dbc-bf9f-ad945094233d,74ee527d-b552-5b6d-a17b-5f299b0d6ce2,9,Cash,497.07
ab78fe55-13c2-5d72-bb25-df449b97ecf4,32bedabd-6bb2-5bed-ade0-4a5039618111,5,Cash,458.6925
65877248-aab7-5dba-8334-f20bf6c52b12,8c62ecb6-59df-5a55-908c-0c0bd0e029b6,4,Ewallet,113.568
489a2507-945d-53fe-9e9e-9e810faa5b7c,92ffddbe-d4f2-5765-87f6-da870081e2af,4,Ewallet,261.198
40356ba6-171a-5693-8981-1fc85d9b1b13,aef4a910-190d-576a-88f6-6aca06874838,9,Credit card,657.531
a4dbea92-0027-5455-924d-40e51653b79e,1a473478-7511-5213-85a9-d0408a4b0b73,10,Ewallet,1023.75
3d560e2c-cab7-5915-94f4-be7ec89b262a,05c250fd-da90-5c86-993a-c89460ec33cf,8,Ewallet,507.444
f9c3c0a8-e4fa-5d33-830d-986ae44655d6,b6aa0170-ce1e-5bbc-9546-bd4f83fa1a94,3,Credit card,101.808
caf13408-a463-5fca-9ddd-9470c96435ae,1fbbc971-22f2-521a-8710-d0e83cb1da03,10,Credit card,207.585
ccd0fdc0-20ca-5ef0-92d2-2d451cd7adc7,cb74d21d-9b0d-57e1-9559-5c6fc328f9c4,9,Cash,760.4415
7ca50a94-5d86-53ca-9ff4-273461b27762,d6976b16-601f-53ae-ae63-cabd8d5599a4,9,Cash,835.2855
5501a4e8-c2ab-52eb-84a2-d6b5eaa0f17a,2dd20535-5bfc-522c-b28e-e7a3f5d6b479,7,Cash,527.5095
47b45785-749f-5d42-96be-2bb88fd1ab60,0a566cd2-97c0-518b-8e6b-e241c91a2421,4,Ewallet,180.6
97a2a6b1-12c9-5bd7-88f4-8958f1381d36,640228b2-05c9-5ef7-951a-3532ee8e8991,1,Cash,72.429
a4dbea92-0027-5455-924d-40e51653b79e,2bea2ed3-d0f3-59fa-ae8e-edd9f2f64e19,8,Ewallet,131.208
ece8d8fa-693e-5168-a2ce-87a568773763,73929587-fccf-5e10-8883-f115276582b3,3,Ewallet,80.955
601db0a0-7b77-5f72-b2a9-8e59ce42ac90,003d3701-470d-5b41-abe7-e05bd3eb7b13,6,Cash,507.906
1fe93160-51d0-5798-87be-77d06dc37f61,186392b2-1f72-5502-a7a4-eefd7985b801,4,Ewallet,317.226
3d560e2c-cab7-5915-94f4-be7ec89b262a,0b567368-ddcd-59be-836b-7941d99d9e5a,9,Ewallet,733.6035
3d560e2c-cab7-5915-94f4-be7ec89b262a,6debc48e-33bd-5243-9f29-21ac41123553,9,Ewallet,130.8825
3ec1d3f0-47fe-514c-8ef2-d43b7f627c10,5d0db2cd-cfdd-5b90-a95b-d26ef283153c,8,Ewallet,829.08
b23fd0c7-e4b7-59cf-8bfb-76e7327b699f,01ff59a1-6a51-597e-9a59-65287fbdd7d0,5,Credit card,187.32
65877248-aab7-5dba-8334-f20bf6c52b12,f4fd67a2-a76e-5418-b34c-549a4d60b3c1,7,Ewallet,525.231
40356ba6-171a-5693-8981-1fc85d9b1b13,8528992d-5069-573e-9400-62c054488e02,3,Credit card,37.611
603fabba-b15a-51ad-bfb4-12364a5dff06,f7bd3abc-07ef-5e44-aa8c-95316415af50,3,Credit card,142.947
caf13408-a463-5fca-9ddd-9470c96435ae,25dab00c-77f2-5ec9-96f5-a7ea2f5d0e71,6,Credit card,110.124
5e399335-ef72-5af8-9a31-c602e3ddd901,e298ea94-1dcf-54cd-8682-d45f02f23675,7,Cash,187.866
23e8bfd8-f703-5e90-85d8-e54b8fad75e9,d450e41f-144f-55ed-a8e7-e9fbfdc2055b,9,Cash,856.4535
f9c3c0a8-e4fa-5d33-830d-986ae44655d6,f7a973fd-be14-5fea-b42d-342bded5e332,3,Credit card,138.978
23e8bfd8-f703-5e90-85d8-e54b8fad75e9,d9721a3d-2088-5fc7-a62e-e2d0fdfda359,7,Cash,270.2595
d241e6de-9267-58e6-be68-11126eeb8b46,164087ef-b300-5673-99b6-98052514c479,4,Ewallet,98.028
23e8bfd8-f703-5e90-85d8-e54b8fad75e9,2e84c385-a765-52b7-b688-285eb342afa8,8,Cash,239.4
ea1c3ab6-5379-58c9-839d-c40fdad97866,33fd4b88-6216-560e-a2ff-4b55e10ff4dd,3,Credit card,175.0455
f9c3c0a8-e4fa-5d33-830d-986ae44655d6,374c601e-c16c-5dd1-b9b6-34531c062f63,10,Credit card,732.27
a4dbea92-0027-5455-924d-40e51653b79e,8b286888-3844-511f-9f67-5755870af0ed,4,Ewallet,408.492
7ca50a94-5d86-53ca-9ff4-273461b27762,8311b076-5079-5ce8-b728-249f49c5f87b,7,Cash,383.523
117c9544-cd22-57b7-8671-035dfef6f154,ddaf5631-989d-5bc2-93c3-ccb039302b9a,4,Credit card,93.744
ece8d8fa-693e-5168-a2ce-87a568773763,0adc5f38-4a08-5a31-86af-5a907d97370d,3,Ewallet,176.4
26ee260e-b80c-5462-9453-4cfffc306c6a,ae2d8e1f-2dbd-59eb-9058-b9a7c501f3e7,1,Ewallet,20.685
489a2507-945d-53fe-9e9e-9e810faa5b7c,b560f388-7d6d-5261-8dda-452348a3c50d,7,Ewallet,557.718
d241e6de-9267-58e6-be68-11126eeb8b46,05361d8f-e24d-5da5-aab7-5b2402f53fed,1,Ewallet,56.406
ea1c3ab6-5379-58c9-839d-c40fdad97866,c841bba0-8960-58e9-a830-10849b2c5a5c,10,Credit card,860.475
cfb6efa3-fec2-5db0-ba8f-ccee919a6fad,ed74a90c-0e44-541a-bc1d-893e4243411d,7,Credit card,596.82
a4dbea92-0027-5455-924d-40e51653b79e,9f547bcc-acdd-5c09-bcf8-6c03c39a06f4,10,Ewallet,616.98
d241e6de-9267-58e6-be68-11126eeb8b46,138a44be-da40-5b26-a672-2c17efd73b12,8,Ewallet,769.104
44b8c347-6309-5988-b36a-b8ec5d67450a,0708abfb-141f-58e7-a46d-8c2e91eb8219,9,Cash,887.922
22c5cf73-8a46-5106-8739-df70fba72a08,db3788f1-242f-5c5c-81dc-31c5cd0c6078,7,Cash,408.7335
a4dbea92-0027-5455-924d-40e51653b79e,9da98aa2-1460-58c5-b5fa-b7f6809c5c5b,1,Ewallet,89.0715
65877248-aab7-5dba-8334-f20bf6c52b12,4af83768-4c7d-5dff-aecc-c7f55501f396,2,Ewallet,150.423
26ee260e-b80c-5462-9453-4cfffc306c6a,613ac52d-698a-535e-a6a4-8adeb9791a46,2,Ewallet,79.149
cfb6efa3-fec2-5db0-ba8f-ccee919a6fad,3eda8dc9-15a9-5707-b516-07b8436ce5c3,8,Credit card,266.028
23e8bfd8-f703-5e90-85d8-e54b8fad75e9,3dc6d333-3f7f-5e98-af8e-48e42a7b0211,1,Cash,40.341
388b4936-5fe1-5e9c-8ccd-f79b86d8d57c,7ff0a7de-2d47-5f22-931d-a4668bf99483,10,Credit card,684.915
cfb6efa3-fec2-5db0-ba8f-ccee919a6fad,7bc84f6d-13e1-5206-8caa-ce1390f7fe42,5,Credit card,55.2825
caf13408-a463-5fca-9ddd-9470c96435ae,7ea5ce04-bdb5-572c-b883-fe8ea831bbb4,9,Credit card,116.1405
97a2a6b1-12c9-5bd7-88f4-8958f1381d36,2d07bf9a-6685-59e4-a218-c9ce6dca237e,7,Cash,597.0405
50e2f71d-b9a2-57fc-8bf7-9f5de273c630,ddaf5631-989d-5bc2-93c3-ccb039302b9a,4,Ewallet,93.744
b23fd0c7-e4b7-59cf-8bfb-76e7327b699f,61684f7b-de30-5604-8fe4-a13bb667a89c,5,Credit card,143.22
65877248-aab7-5dba-8334-f20bf6c52b12,1089c333-c07c-5ff4-83b1-170dd80fa66a,10,Ewallet,182.91
489a2507-945d-53fe-9e9e-9e810faa5b7c,34ae27d5-c3d1-5ce3-8ceb-040a8de60a09,5,Ewallet,384.72
1fe93160-51d0-5798-87be-77d06dc37f61,0e84803b-cd21-512b-8238-9033cd464b27,3,Ewallet,267.3405
b23fd0c7-e4b7-59cf-8bfb-76e7327b699f,9757abfe-b209-5767-a05f-df9bd6a94673,8,Credit card,817.236
50e2f71d-b9a2-57fc-8bf7-9f5de273c630,81d611fc-788b-534f-939d-146e8b5907bb,8,Ewallet,300.216
1c449dc2-c764-5fba-9e4a-8f785e2d11de,7434e5a1-4557-5df6-a441-55e6d5ad1829,6,Cash,608.076
26ee260e-b80c-5462-9453-4cfffc306c6a,eabbceb0-6f43-5c67-86a1-29feda0558e1,10,Ewallet,197.925
0f07f48c-3a10-54e1-8e0c-56f265d2d194,ff0f81e9-2ea2-553d-9bf5-be67ce5d3796,4,Ewallet,232.638
caf13408-a463-5fca-9ddd-9470c96435ae,592b4d2d-7881-5c84-9b8a-b05e010c20a6,10,Credit card,810.6
f9c3c0a8-e4fa-5d33-830d-986ae44655d6,f8f493c3-aea0-5d96-8836-6384e921d259,10,Credit card,757.365
65877248-aab7-5dba-8334-f20bf6c52b12,708ef927-b1dd-519e-82fc-b6daf3b8255c,8,Ewallet,536.592
65877248-aab7-5dba-8334-f20bf6c52b12,bf93890a-4253-5bb2-854b-0cfcf99865c5,5,Ewallet,56.1225
40356ba6-171a-5693-8981-1fc85d9b1b13,5ea3c7d9-61dd-544d-bcfa-715fa6e8c621,4,Credit card,233.1
47b45785-749f-5d42-96be-2bb88fd1ab60,b8762c0f-3665-520a-a804-55d88642fa06,8,Ewallet,801.864
bbbd14ac-2ee4-5bdb-b942-c9ccd53e147a,d33c0406-8a0d-5d6a-a995-97f6bba2e546,3,Credit card,239.589
5501a4e8-c2ab-52eb-84a2-d6b5eaa0f17a,351710ca-afe3-5456-bbe9-95efbf221125,6,Cash,86.247
5e399335-ef72-5af8-9a31-c602e3ddd901,929a60ce-40f9-5e4e-bdb6-665c535a1192,4,Cash,401.688
1c449dc2-c764-5fba-9e4a-8f785e2d11de,66a8cf70-30c1-5b16-9212-93e42a4c5d91,6,Cash,72.009
50e2f71d-b9a2-57fc-8bf7-9f5de273c630,db9a32da-04c5-587b-b2ca-73121d372a88,4,Ewallet,401.268
cfb6efa3-fec2-5db0-ba8f-ccee919a6fad,26f10af4-8023-5770-acf9-7df2ace370f5,7,Credit card,631.1445
1fe93160-51d0-5798-87be-77d06dc37f61,019e6609-8d54-52ae-af72-14f59267b994,7,Ewallet,499.7265
bbbd14ac-2ee4-5bdb-b942-c9ccd53e147a,df54dfdb-d795-544e-b79c-16cb32d9bebd,1,Credit card,55.041
97a2a6b1-12c9-5bd7-88f4-8958f1381d36,bd7e08f5-fba5-5d42-bbe0-de4409004457,2,Cash,137.865
8f1d4f8c-8039-518e-918a-20b931d1b1a9,32707a14-41bd-53e5-b60f-3b669e81f911,5,Credit card,151.515
ea1c3ab6-5379-58c9-839d-c40fdad97866,d9af0e7a-ddd2-53d6-a5f4-2529a67838d7,7,Credit card,480.0285
5501a4e8-c2ab-52eb-84a2-d6b5eaa0f17a,d9def9f6-f3da-502c-9221-b159bb90cfe5,1,Cash,98.049
97a2a6b1-12c9-5bd7-88f4-8958f1381d36,eaa2d10a-8eb1-5b22-9cb0-170f319ec243,5,Cash,132.5625
d241e6de-9267-58e6-be68-11126eeb8b46,1dc1547a-8dfb-5a7b-95c1-b4b5b96b5bc4,9,Ewallet,830.3715
22c5cf73-8a46-5106-8739-df70fba72a08,2df9320a-181d-51b2-8d35-72f5a2299a70,8,Cash,183.12
0f07f48c-3a10-54e1-8e0c-56f265d2d194,f1d1a2b3-1e14-53ba-834d-737817b5f8af,4,Ewallet,397.992
117c9544-cd22-57b7-8671-035dfef6f154,ee691245-0786-53be-82ee-6badde7cd52c,1,Credit card,32.151
73590980-4ade-5dbc-bf9f-ad945094233d,9ac49ef8-8d71-5968-b3ac-5d97f125232f,8,Cash,369.684
1fe93160-51d0-5798-87be-77d06dc37f61,b5e68e99-2b3f-5340-819b-80e466adce10,5,Ewallet,53.34
603fabba-b15a-51ad-bfb4-12364a5dff06,759a0cdf-4349-5ed0-995c-1ae032c9cf1b,7,Credit card,548.163
a4dbea92-0027-5455-924d-40e51653b79e,8d419aaa-0ba9-5408-8cf5-e230771bcabc,8,Ewallet,603.876
bbbd14ac-2ee4-5bdb-b942-c9ccd53e147a,ee6737a9-0e03-555e-9dbd-981ed78aff4d,5,Credit card,57.6975
ea1c3ab6-5379-58c9-839d-c40fdad97866,db8903e6-13b1-52af-bc57-cf971469c57e,3,Credit card,190.4805
ece8d8fa-693e-5168-a2ce-87a568773763,efd2b554-7bc5-524e-9d3e-6e253b4bbf40,7,Ewallet,432.9885
603fabba-b15a-51ad-bfb4-12364a5dff06,13b28614-6dc6-595f-b5a9-01839ea50af1,1,Credit card,48.7305
ea1c3ab6-5379-58c9-839d-c40fdad97866,27735baa-a4cc-538a-a45c-0fc8bce87bf5,4,Credit card,287.91
8f1d4f8c-8039-518e-918a-20b931d1b1a9,0b3d36fc-da19-5236-8114-ab689e327ebe,10,Credit card,1022.385
40356ba6-171a-5693-8981-1fc85d9b1b13,6e442e08-c001-59e6-9c3d-a92ffc0d0676,7,Credit card,680.61
b23fd0c7-e4b7-59cf-8bfb-76e7327b699f,946d3702-97c0-5c53-9826-eaa3de1f9f1a,2,Credit card,97.881
489a2507-945d-53fe-9e9e-9e810faa5b7c,e3b45299-bb30-5830-b09e-341bd0297f54,2,Ewallet,57.078
23e8bfd8-f703-5e90-85d8-e54b8fad75e9,3c529d52-70b7-5dba-b79f-ca21dd5b42e8,1,Cash,63.9135
ab78fe55-13c2-5d72-bb25-df449b97ecf4,cfee2d3f-0295-5b86-aadb-db2a96e4f8ed,10,Cash,257.145
f9c3c0a8-e4fa-5d33-830d-986ae44655d6,896ca634-57b4-560c-be7b-5df2d0c953db,1,Credit card,97.419
3ec1d3f0-47fe-514c-8ef2-d43b7f627c10,664edcec-0b34-5363-b0b0-e4c3ee6b7cfd,5,Ewallet,455.1225
489a2507-945d-53fe-9e9e-9e810faa5b7c,ec070c9a-d0bf-53ad-8802-de01036465cd,6,Ewallet,144.963
1fe93160-51d0-5798-87be-77d06dc37f61,1aa1a6d8-c78d-59a8-94af-3f9f4f020d2d,8,Ewallet,253.68
3ec1d3f0-47fe-514c-8ef2-d43b7f627c10,c430cc84-1099-51ba-9484-9a499950ac10,7,Ewallet,495.3165
ab78fe55-13c2-5d72-bb25-df449b97ecf4,01610012-3819-5dad-ad92-ea1b28c22f7e,9,Cash,462.672
7ca50a94-5d86-53ca-9ff4-273461b27762,5a859b78-9ff1-5bb4-9515-4b57d50a59e4,9,Cash,714.3255
1c449dc2-c764-5fba-9e4a-8f785e2d11de,0246c6ee-fe7c-55e3-a9c1-fe915fbb8d98,4,Cash,325.374
b23fd0c7-e4b7-59cf-8bfb-76e7327b699f,d1500f72-a6eb-5ad1-983a-2fc71e23c072,2,Credit card,195.678
1c449dc2-c764-5fba-9e4a-8f785e2d11de,4d31816d-9561-5187-9fdc-634eec54d146,4,Cash,210.966
5e399335-ef72-5af8-9a31-c602e3ddd901,8f7d926e-d567-5e09-915d-73d091da166e,1,Cash,18.6375
3d560e2c-cab7-5915-94f4-be7ec89b262a,4a6419cc-4970-53f6-bb29-09b720d0afe9,10,Ewallet,652.89
489a2507-945d-53fe-9e9e-9e810faa5b7c,c8f340e6-d587-522a-8626-11247d50fc56,8,Ewallet,90.3
b23fd0c7-e4b7-59cf-8bfb-76e7327b699f,3c4ca062-90aa-5bf5-a456-eb7db6293321,10,Credit card,422.73
cfb6efa3-fec2-5db0-ba8f-ccee919a6fad,07b9b6de-b9f4-5513-9ec5-e1647c12bf56,5,Credit card,341.0925
44b8c347-6309-5988-b36a-b8ec5d67450a,d32b725d-c619-50a4-93bf-33d651cee3cc,1,Cash,99.9075
ab78fe55-13c2-5d72-bb25-df449b97ecf4,a2971234-f205-5afd-b010-920a4fe46972,8,Cash,408.408
47b45785-749f-5d42-96be-2bb88fd1ab60,3a0b517c-726b-514d-83a2-ce61034f8908,8,Ewallet,446.964
73590980-4ade-5dbc-bf9f-ad945094233d,c618cb7f-d0bb-5c32-87fe-4478264331ce,7,Cash,333.984
ece8d8fa-693e-5168-a2ce-87a568773763,4b51db34-df88-56ac-9371-9080c6a696c9,8,Ewallet,284.592
388b4936-5fe1-5e9c-8ccd-f79b86d8d57c,3621b2d4-f5ea-56e2-8daf-6217f043e786,4,Credit card,403.872
388b4936-5fe1-5e9c-8ccd-f79b86d8d57c,f3967283-6c69-5aaf-ada7-7c13889c57aa,5,Credit card,247.59
489a2507-945d-53fe-9e9e-9e810faa5b7c,37140b47-c109-504b-a95a-dbb3c0c81903,4,Ewallet,222.138
117c9544-cd22-57b7-8671-035dfef6f154,87ff81b7-b83e-530b-b87a-5f19ff576218,2,Credit card,100.128
97a2a6b1-12c9-5bd7-88f4-8958f1381d36,507d9d7d-6e22-53b2-b84e-d8d6cd53ed7d,1,Cash,10.6785
1c449dc2-c764-5fba-9e4a-8f785e2d11de,420b7498-cd63-54cb-88d9-02d398afad45,3,Cash,216.4365
caf13408-a463-5fca-9ddd-9470c96435ae,0eb1daef-c22c-51c0-8cf5-be08b0663740,7,Credit card,441.588
117c9544-cd22-57b7-8671-035dfef6f154,fe8deade-eacf-5c4c-b9e5-21b0de5bf79f,4,Credit card,92.442
caf13408-a463-5fca-9ddd-9470c96435ae,ac5f5426-ca34-5e30-958f-3d99f8566dca,9,Credit card,681.4395
40356ba6-171a-5693-8981-1fc85d9b1b13,b5368007-a508-50c1-8986-94cda497ae1b,3,Credit card,130.032
22c5cf73-8a46-5106-8739-df70fba72a08,25bbb987-ee03-534d-91c9-165fceefa314,10,Cash,681.975
117c9544-cd22-57b7-8671-035dfef6f154,7b2321b4-1cc9-5ff0-8849-198eeb152cb6,10,Credit card,779.31
44b8c347-6309-5988-b36a-b8ec5d67450a,dd41f573-31b6-5c89-90f9-bfd146dcb166,8,Cash,88.704
5501a4e8-c2ab-52eb-84a2-d6b5eaa0f17a,737fb78a-7197-5a95-a767-4f51aaca5201,4,Cash,262.794
7ca50a94-5d86-53ca-9ff4-273461b27762,1c3d3194-482d-51fc-9c05-6c2cbcf9cece,8,Cash,99.54
26ee260e-b80c-5462-9453-4cfffc306c6a,985fa8af-8541-5f17-bd42-49cb81b09be2,1,Ewallet,95.865
50e2f71d-b9a2-57fc-8bf7-9f5de273c630,98052432-0d8b-53d4-9089-c71845b78d5e,7,Ewallet,299.3655
44b8c347-6309-5988-b36a-b8ec5d67450a,cb7a82e3-9302-5441-8e32-9212c1255bc2,1,Cash,54.999
26ee260e-b80c-5462-9453-4cfffc306c6a,92ff3bdc-c26a-5e37-b10e-cb7d513786b2,5,Ewallet,202.335
f9c3c0a8-e4fa-5d33-830d-986ae44655d6,0d5cbd17-b318-5d56-8f88-9d4a50003f91,6,Credit card,281.169
22c5cf73-8a46-5106-8739-df70fba72a08,dd666bcc-d282-505f-9b84-bf89f12b8ad5,10,Cash,586.635
1fe93160-51d0-5798-87be-77d06dc37f61,8557c0db-93c3-5424-aa25-31374c43efac,6,Ewallet,184.086
44b8c347-6309-5988-b36a-b8ec5d67450a,7b8db171-7d1d-5ad9-9b45-5a0c77a0d53b,3,Cash,163.611
5501a4e8-c2ab-52eb-84a2-d6b5eaa0f17a,b8c552bb-4f3e-5ef0-8df1-967266e0af8b,1,Cash,63.315
117c9544-cd22-57b7-8671-035dfef6f154,fe52557a-c482-57f1-9f6c-4f17105061f1,2,Credit card,82.887
cfb6efa3-fec2-5db0-ba8f-ccee919a6fad,3eaa41e6-6a4e-544c-afcf-efe9d88d052d,2,Credit card,31.227
44b8c347-6309-5988-b36a-b8ec5d67450a,20de0a45-cf0e-50ca-99bc-46ab081000f9,1,Cash,22.386
40356ba6-171a-5693-8981-1fc85d9b1b13,baf15f30-51a4-59e0-aedf-06b339c07eee,3,Credit card,295.407
26ee260e-b80c-5462-9453-4cfffc306c6a,0a6e6af1-8af9-51b8-8448-af43e38c696c,1,Ewallet,76.923
bbbd14ac-2ee4-5bdb-b942-c9ccd53e147a,eeaf7b86-b6ad-5986-b79a-353532d4e566,1,Credit card,23.499
23e8bfd8-f703-5e90-85d8-e54b8fad75e9,f7c58f5d-c78c-58ff-8079-9c8b23e7cdde,9,Cash,688.716
1c449dc2-c764-5fba-9e4a-8f785e2d11de,64ca666b-c430-5ca1-ae3b-6a9419a2ec0d,6,Cash,624.33
44b8c347-6309-5988-b36a-b8ec5d67450a,391a3289-cd36-5980-9e44-125a1c27594f,1,Cash,77.805
0f07f48c-3a10-54e1-8e0c-56f265d2d194,37bc0d2b-a078-536c-859a-5d2b7a47fd60,2,Ewallet,206.808
a4dbea92-0027-5455-924d-40e51653b79e,e8669939-3604-55c2-9398-a45ebdf1ae6c,7,Ewallet,390.9465
47b45785-749f-5d42-96be-2bb88fd1ab60,e62e5cc8-658d-5379-9f0d-fe2349eac699,10,Ewallet,554.295
65877248-aab7-5dba-8334-f20bf6c52b12,3fa0b9fb-9a9d-564a-a0c9-ef305a187d0f,5,Ewallet,503.7375
5e399335-ef72-5af8-9a31-c602e3ddd901,74bef684-0d80-5dae-91f0-b5e89e486704,9,Cash,345.0195
5501a4e8-c2ab-52eb-84a2-d6b5eaa0f17a,e6bbd16d-d3f1-5206-978f-345ec0122a52,8,Cash,177.408
ab78fe55-13c2-5d72-bb25-df449b97ecf4,0e2dee78-1104-5e8c-b0ca-f753d8d760ea,4,Cash,118.902
5501a4e8-c2ab-52eb-84a2-d6b5eaa0f17a,53b78290-cc72-5048-9940-9899006f1377,6,Cash,362.817
ab78fe55-13c2-5d72-bb25-df449b97ecf4,480caec6-85c7-5929-a0f6-93c1a0d94002,9,Cash,450.1035
1fe93160-51d0-5798-87be-77d06dc37f61,3f0f92ef-c581-543f-a91b-2fcc43be17e7,1,Ewallet,90.5835
26ee260e-b80c-5462-9453-4cfffc306c6a,c7697c60-b828-58c0-b792-cf6851660fb6,2,Ewallet,26.796
8f1d4f8c-8039-518e-918a-20b931d1b1a9,24198dea-6eae-5f8c-a7d5-69923ec3c281,9,Credit card,106.596
5e399335-ef72-5af8-9a31-c602e3ddd901,4acd7aba-f16d-5196-b2fc-a5f491006baf,7,Cash,375.3645
ab78fe55-13c2-5d72-bb25-df449b97ecf4,2c7ca8df-1188-524a-a42b-8e6e47a26d0f,3,Cash,250.7085
3ec1d3f0-47fe-514c-8ef2-d43b7f627c10,84e193b4-b0f5-5f10-a605-7b8487f9c633,3,Ewallet,106.5015
388b4936-5fe1-5e9c-8ccd-f79b86d8d57c,bbda603a-69fb-5f4b-8b38-b721fd2d05f4,8,Credit card,760.452
1fe93160-51d0-5798-87be-77d06dc37f61,dfd2f1ca-d0fe-524f-9e8d-46864b43c9b5,2,Ewallet,131.922
ea1c3ab6-5379-58c9-839d-c40fdad97866,567e0094-d651-587e-bd01-2f788f41c64a,3,Credit card,76.5765
ece8d8fa-693e-5168-a2ce-87a568773763,9b4387a8-6716-546e-918d-98f651de7c7c,4,Ewallet,271.278
40356ba6-171a-5693-8981-1fc85d9b1b13,d20fac06-dfa5-5913-b290-1b85ce99adf8,7,Credit card,182.427
a4dbea92-0027-5455-924d-40e51653b79e,ed1e80ad-0db1-5614-b5ae-8457a7e93cc8,1,Ewallet,59.325
7ca50a94-5d86-53ca-9ff4-273461b27762,3409ff3d-5c18-515a-a21f-00a11a2e8ee4,10,Cash,225.015
601db0a0-7b77-5f72-b2a9-8e59ce42ac90,0daf8b16-a965-509d-8cca-2977a4930bbc,6,Cash,561.078
40356ba6-171a-5693-8981-1fc85d9b1b13,32a213a1-5ca8-590d-8dfd-c7293c3ea418,4,Credit card,97.818
a4dbea92-0027-5455-924d-40e51653b79e,1192f933-1571-5b11-ad5b-7ff4ea0bc430,8,Ewallet,548.184
97a2a6b1-12c9-5bd7-88f4-8958f1381d36,d1e1325e-b99c-5edc-b749-2d71d1bf9e64,1,Cash,54.9675
ccd0fdc0-20ca-5ef0-92d2-2d451cd7adc7,25d4b65f-7c36-5be6-80dc-e268f1ba482c,1,Cash,41.7375
b23fd0c7-e4b7-59cf-8bfb-76e7327b699f,e12a8b4d-b8ba-57c0-9e24-c75a8a325fec,8,Credit card,756.168
50e2f71d-b9a2-57fc-8bf7-9f5de273c630,7745238e-c0f5-5cf2-9ba9-4b086b6f7d3c,8,Ewallet,101.64
50e2f71d-b9a2-57fc-8bf7-9f5de273c630,70a73814-a639-5721-b3f5-c9e21ace2cf4,10,Ewallet,348.705
cfb6efa3-fec2-5db0-ba8f-ccee919a6fad,0c07aaba-2ace-577c-8196-db80563dbb6a,8,Credit card,85.512
388b4936-5fe1-5e9c-8ccd-f79b86d8d57c,8b0e247e-87d3-5cb6-8e32-e34ee3f675a1,10,Credit card,335.895
65877248-aab7-5dba-8334-f20bf6c52b12,79ecf357-d00f-5307-bf68-60aa147b7212,6,Ewallet,216.846
ab78fe55-13c2-5d72-bb25-df449b97ecf4,ec64d255-75b4-597f-953b-446862a97bda,2,Cash,175.014
44b8c347-6309-5988-b36a-b8ec5d67450a,32c05ef2-c91a-5b63-add7-8e2a48071bdc,7,Cash,335.013
26ee260e-b80c-5462-9453-4cfffc306c6a,297a5c3a-3d1a-5e56-a62b-dbcbfaeb271c,1,Ewallet,92.295
65877248-aab7-5dba-8334-f20bf6c52b12,c5b6d7e3-0b7a-5cc1-9391-812345fff6eb,10,Ewallet,771.435
3d560e2c-cab7-5915-94f4-be7ec89b262a,9188f585-271c-57f5-8c76-5c250d65f39e,8,Ewallet,102.396
26ee260e-b80c-5462-9453-4cfffc306c6a,55852b4d-5af1-5994-ba34-7bcb2566bcd4,10,Ewallet,807.66
73590980-4ade-5dbc-bf9f-ad945094233d,97367099-2669-5d4d-b374-ebc13c78b56e,5,Cash,439.215
5e399335-ef72-5af8-9a31-c602e3ddd901,17ff554c-bbb3-5fc8-bc33-77433770ba5f,8,Cash,486.444
cfb6efa3-fec2-5db0-ba8f-ccee919a6fad,e17164ad-23bf-5d71-96d5-3ffe13edeaa6,5,Credit card,485.5725
5501a4e8-c2ab-52eb-84a2-d6b5eaa0f17a,c424cbd8-a567-5cb3-b94c-047c9f130409,5,Cash,148.995
388b4936-5fe1-5e9c-8ccd-f79b86d8d57c,320121c2-c5ac-5ce6-92f6-45010b3715de,6,Credit card,317.835
f9c3c0a8-e4fa-5d33-830d-986ae44655d6,19dc4b46-0178-5ea8-b083-2537933d09f7,8,Credit card,832.944
a4dbea92-0027-5455-924d-40e51653b79e,5f1da2f1-e097-561b-b844-0eb3a8e974f4,7,Ewallet,446.439
23e8bfd8-f703-5e90-85d8-e54b8fad75e9,a0896b5a-7981-58bf-9251-ab831bfdd669,6,Cash,297.801
97a2a6b1-12c9-5bd7-88f4-8958f1381d36,b2e96f5b-9392-5a16-b090-2d2d33969d03,7,Cash,629.16
26ee260e-b80c-5462-9453-4cfffc306c6a,f176408d-3398-5337-9581-be36096fbc27,9,Ewallet,331.128
cfb6efa3-fec2-5db0-ba8f-ccee919a6fad,3d0f89be-9310-5e6b-9716-01b05d7dafdb,9,Credit card,423.738
489a2507-945d-53fe-9e9e-9e810faa5b7c,e2dc60d6-5da1-5dc9-8b55-02a7f273a756,4,Ewallet,193.074
117c9544-cd22-57b7-8671-035dfef6f154,410093a0-8a34-533c-a5f4-c553fba3c673,5,Credit card,145.5825
44b8c347-6309-5988-b36a-b8ec5d67450a,e3b81dd7-99dd-5194-b8fa-def541452fc4,7,Cash,84.7455
3d560e2c-cab7-5915-94f4-be7ec89b262a,344add1c-3aca-52f3-b5f8-7c67342eea04,2,Ewallet,122.472
23e8bfd8-f703-5e90-85d8-e54b8fad75e9,86aefacd-21de-5801-be7f-b5351b56a734,4,Cash,329.196
36269a10-72af-55ec-8002-e70559038277,5f94cbf8-e98f-5930-821e-ceb0bb735a00,10,Credit card,888.405
8f1d4f8c-8039-518e-918a-20b931d1b1a9,85a4fba6-2f70-52fd-8d42-415a573d3ebf,5,Credit card,435.12
65877248-aab7-5dba-8334-f20bf6c52b12,318ba234-29e4-571d-aba4-ca9ddb3a54de,2,Ewallet,167.034
8f1d4f8c-8039-518e-918a-20b931d1b1a9,c2e814ad-f96f-55bf-b8e5-937ab394a932,10,Credit card,514.605
caf13408-a463-5fca-9ddd-9470c96435ae,0701d591-ba13-5e6b-8c90-6857dcb44361,3,Credit card,91.8225
3d560e2c-cab7-5915-94f4-be7ec89b262a,3d28b0e3-6234-51b3-b05b-a85a38e8d2c9,4,Ewallet,235.746
1c449dc2-c764-5fba-9e4a-8f785e2d11de,1d6d90b0-3457-5a1d-b2b0-245821f4bf79,8,Cash,782.208
26ee260e-b80c-5462-9453-4cfffc306c6a,da701a47-1034-522d-ac54-d33be83d1898,8,Ewallet,431.256
ab78fe55-13c2-5d72-bb25-df449b97ecf4,ebc57217-a97e-5789-ae98-b50de9691ac0,3,Cash,313.74
73590980-4ade-5dbc-bf9f-ad945094233d,050f527c-e0bd-5c65-af78-756dd0e4ba3f,6,Cash,223.587
ea1c3ab6-5379-58c9-839d-c40fdad97866,55222e07-c7a3-5b2a-8515-58e5c12cb5fc,1,Credit card,44.9925
1c449dc2-c764-5fba-9e4a-8f785e2d11de,b8e30b49-a1a1-5223-b245-201a46fec707,4,Cash,397.614
489a2507-945d-53fe-9e9e-9e810faa5b7c,44f59b6d-d381-5b6d-b6d8-1cac9eb78a8c,3,Ewallet,217.2555
50e2f71d-b9a2-57fc-8bf7-9f5de273c630,d3070110-2240-5bfc-84a2-94c6268a8240,3,Ewallet,82.719
cfb6efa3-fec2-5db0-ba8f-ccee919a6fad,ae8e3bac-2435-51d5-9112-91730ce6af82,9,Credit card,338.2155
5e399335-ef72-5af8-9a31-c602e3ddd901,e872f432-1d10-504c-a591-5f1b7e4677d8,6,Cash,103.131
cfb6efa3-fec2-5db0-ba8f-ccee919a6fad,2f078ebb-6af6-55d1-8909-09edbea91088,2,Credit card,26.733
bbbd14ac-2ee4-5bdb-b942-c9ccd53e147a,29fb1728-36fb-5af7-bcf7-70a487236e33,7,Credit card,611.079
1fe93160-51d0-5798-87be-77d06dc37f61,ab58d9e6-b3d0-5a97-9051-91adec3170ac,6,Ewallet,221.886
47b45785-749f-5d42-96be-2bb88fd1ab60,3cfd6b49-f6c0-5c4b-b5c7-b53580bab10a,4,Ewallet,57.876
388b4936-5fe1-5e9c-8ccd-f79b86d8d57c,7f77a797-a424-54fb-9c64-c024705f79df,1,Credit card,92.7255
117c9544-cd22-57b7-8671-035dfef6f154,ae0a9490-ab00-524b-93b4-04a37e8104ae,9,Credit card,374.409
8f1d4f8c-8039-518e-918a-20b931d1b1a9,938664f6-a0c4-518f-9fad-6441762271a8,9,Credit card,833.9625
489a2507-945d-53fe-9e9e-9e810faa5b7c,ee0e3f49-a3c1-5a02-8032-5feb540089e1,2,Ewallet,53.151
489a2507-945d-53fe-9e9e-9e810faa5b7c,f0c8986f-c75e-5295-a015-b9bfc2f09683,6,Ewallet,629.496
cfb6efa3-fec2-5db0-ba8f-ccee919a6fad,61217e1d-789d-5cf1-b7e3-7dc66496eced,2,Credit card,175.035
0f07f48c-3a10-54e1-8e0c-56f265d2d194,a29c9e42-c7b2-5573-baea-1917239efb19,10,Ewallet,781.62
a4dbea92-0027-5455-924d-40e51653b79e,3644475e-9b0d-536b-b154-af5c55ace2f2,7,Ewallet,470.988
47b45785-749f-5d42-96be-2bb88fd1ab60,b0ef3776-a7e9-5d70-b8cb-31f6b92dee1d,6,Ewallet,397.845
3ec1d3f0-47fe-514c-8ef2-d43b7f627c10,e1a7f368-8706-5889-ae6d-cd5b81e7b5e1,3,Ewallet,270.018
3d560e2c-cab7-5915-94f4-be7ec89b262a,e6e374de-ed86-5083-9b11-0d7771078a47,7,Ewallet,579.8415
1c449dc2-c764-5fba-9e4a-8f785e2d11de,77427ead-7abe-5622-a630-928e8e2cd15a,5,Cash,469.77
ab78fe55-13c2-5d72-bb25-df449b97ecf4,2720e57a-e15c-5b31-8459-a7154f5d440b,3,Cash,290.0835
3d560e2c-cab7-5915-94f4-be7ec89b262a,edb5d311-043b-52bd-9416-7d1bcb74224f,6,Ewallet,360.927
ece8d8fa-693e-5168-a2ce-87a568773763,c62ee5c9-fe83-5f9b-80d9-571e5e470e70,4,Ewallet,279.384
97a2a6b1-12c9-5bd7-88f4-8958f1381d36,e07a598c-572e-55b6-bf67-19b3d02d32c3,9,Cash,943.299
0f07f48c-3a10-54e1-8e0c-56f265d2d194,77b26cab-480b-5356-b84a-7feb99785b74,10,Ewallet,479.64
603fabba-b15a-51ad-bfb4-12364a5dff06,31c389d7-2d4d-5779-bbc1-35a69ccdab2e,5,Credit card,266.6475
601db0a0-7b77-5f72-b2a9-8e59ce42ac90,920d1a28-e7da-57ea-8cb5-41cd531b04a0,7,Cash,74.088
b23fd0c7-e4b7-59cf-8bfb-76e7327b699f,ab55f594-1310-5210-b09a-285a088afde8,7,Credit card,690.018
ea1c3ab6-5379-58c9-839d-c40fdad97866,3fab25ed-4b78-5f09-9c3b-282f2ee3a74b,2,Credit card,176.925
d241e6de-9267-58e6-be68-11126eeb8b46,3f2d7373-c89f-54b0-a91b-fb90921fa233,1,Ewallet,56.469
3ec1d3f0-47fe-514c-8ef2-d43b7f627c10,946895c5-0fad-52e1-bf4f-33a1c3185817,5,Ewallet,188.0025
47b45785-749f-5d42-96be-2bb88fd1ab60,dc7f393f-048e-5d70-88d5-cb256fe2518c,8,Ewallet,222.012
d241e6de-9267-58e6-be68-11126eeb8b46,c68b0904-a6bf-5b5b-9850-3074c94e2518,3,Ewallet,125.7165
50e2f71d-b9a2-57fc-8bf7-9f5de273c630,85e95edf-16a5-5007-9481-6262e1d46b83,3,Ewallet,68.985
50e2f71d-b9a2-57fc-8bf7-9f5de273c630,4f4cb766-6190-5c9f-98f1-870ce8cce09c,4,Ewallet,263.97
23e8bfd8-f703-5e90-85d8-e54b8fad75e9,9276f4f3-e0d0-5ca9-b55e-04cf79e24189,4,Cash,88.368
ccd0fdc0-20ca-5ef0-92d2-2d451cd7adc7,cc8d5072-4933-5fa0-bf34-9931f35269a2,6,Cash,415.233
1c449dc2-c764-5fba-9e4a-8f785e2d11de,f3af0ea1-2ff7-5c79-acdf-c6495d4e92f2,7,Cash,312.8895
97a2a6b1-12c9-5bd7-88f4-8958f1381d36,f94add25-7637-51e3-a18e-2040525d8dd2,9,Cash,477.1305
5501a4e8-c2ab-52eb-84a2-d6b5eaa0f17a,cf7af28f-765b-59bc-98e8-d60d54d52c54,6,Cash,289.926
73590980-4ade-5dbc-bf9f-ad945094233d,72f3fe87-d79c-5461-9039-f08a233e03f0,10,Cash,165.9
ab78fe55-13c2-5d72-bb25-df449b97ecf4,eabe2c6a-36d5-5154-aec8-65f55d61babf,9,Cash,932.337
97a2a6b1-12c9-5bd7-88f4-8958f1381d36,b2b14476-a3ca-53de-917a-b811f54e0600,1,Cash,96.579
601db0a0-7b77-5f72-b2a9-8e59ce42ac90,aa264480-352d-554f-b5bf-2539f605ffc1,2,Cash,43.869
b23fd0c7-e4b7-59cf-8bfb-76e7327b699f,9a5a348e-a60b-56c6-861a-5ad149b979ee,1,Credit card,16.275
97a2a6b1-12c9-5bd7-88f4-8958f1381d36,f7a33532-4dda-5b68-9cbd-1dc0f0bb5545,3,Cash,304.983
f9c3c0a8-e4fa-5d33-830d-986ae44655d6,8a092f67-ee69-5ca6-a67f-3b58109e31ed,2,Credit card,69.993
8f1d4f8c-8039-518e-918a-20b931d1b1a9,3ea2bfff-254f-5a8d-8fe4-1cac4b665d9a,2,Credit card,80.367
0f07f48c-3a10-54e1-8e0c-56f265d2d194,53ee9c7d-e53e-5690-a690-dbb082248b7b,9,Ewallet,314.685
40356ba6-171a-5693-8981-1fc85d9b1b13,d674b85f-9268-54bf-959e-a3131eaf0e11,3,Credit card,255.1815
1c449dc2-c764-5fba-9e4a-8f785e2d11de,596059f4-819e-586e-be72-2d5f5a9322e0,3,Cash,49.77
caf13408-a463-5fca-9ddd-9470c96435ae,311c3cd0-17ec-5281-a8f6-56ca49c1ee87,5,Credit card,181.0725
caf13408-a463-5fca-9ddd-9470c96435ae,17d1dd81-4c7f-5d94-9d05-c4012b94449c,10,Credit card,888.615
d241e6de-9267-58e6-be68-11126eeb8b46,2a336b64-6faf-54ca-91ac-1a25de73c6d5,7,Ewallet,271.2885
5501a4e8-c2ab-52eb-84a2-d6b5eaa0f17a,1e781e25-dc57-58ce-b230-da6ba4b9d7a5,7,Cash,640.038
44b8c347-6309-5988-b36a-b8ec5d67450a,184dddcc-ad5a-5d90-9218-2cd494c732d6,3,Cash,252.252
22c5cf73-8a46-5106-8739-df70fba72a08,2e6d2618-b716-5a16-81db-8fa8d8e13a1e,2,Cash,180.873
388b4936-5fe1-5e9c-8ccd-f79b86d8d57c,3a38beea-8741-5c41-b182-d2e5156d9956,2,Credit card,104.832
1c449dc2-c764-5fba-9e4a-8f785e2d11de,da854a0c-3d13-580e-b7e5-4eea24a7dd15,4,Cash,313.572
d241e6de-9267-58e6-be68-11126eeb8b46,cbb37b1f-c724-5004-98fc-2101442b520a,6,Ewallet,167.58
8f1d4f8c-8039-518e-918a-20b931d1b1a9,cb1502c0-7540-5c1d-a881-0637e92a97c4,1,Credit card,26.7225
8f1d4f8c-8039-518e-918a-20b931d1b1a9,b31f5746-3027-5f61-974d-659cf69eddb6,1,Credit card,71.1585
97a2a6b1-12c9-5bd7-88f4-8958f1381d36,bb57dc8c-f7b4-5397-b3ae-f7200920cf84,4,Cash,250.278
44b8c347-6309-5988-b36a-b8ec5d67450a,90c7a909-eca0-5d30-aef8-ffb716696f75,4,Cash,244.23
65877248-aab7-5dba-8334-f20bf6c52b12,9bfffb32-8774-578c-8cdb-634e9455c5e3,9,Ewallet,921.186
22c5cf73-8a46-5106-8739-df70fba72a08,9473891f-2557-5ecb-b752-4197dcaa5208,7,Cash,734.706
22c5cf73-8a46-5106-8739-df70fba72a08,7d1aea73-791c-59d6-8a75-2f880c132706,7,Cash,708.3195
47b45785-749f-5d42-96be-2bb88fd1ab60,54f435db-133b-5f1c-8952-30256a16f298,5,Ewallet,334.4775
47b45785-749f-5d42-96be-2bb88fd1ab60,43ae619d-ba32-5cef-8c30-71d0d0dcfe22,2,Ewallet,30.996
388b4936-5fe1-5e9c-8ccd-f79b86d8d57c,3ba9cf38-5026-5dcb-87ad-2fb306942043,8,Credit card,520.8
3ec1d3f0-47fe-514c-8ef2-d43b7f627c10,80b5630e-b90f-54c4-a20d-df4a3ad4876a,10,Ewallet,864.57
388b4936-5fe1-5e9c-8ccd-f79b86d8d57c,a3f0be2b-d382-58a4-ac3b-bd9c0062d1ab,8,Credit card,633.108
b23fd0c7-e4b7-59cf-8bfb-76e7327b699f,27324ded-e538-5e28-b2de-87b80a897221,5,Credit card,296.94
47b45785-749f-5d42-96be-2bb88fd1ab60,65cf66ae-484c-5bbc-b85b-84a0b0d5f5de,10,Ewallet,804.3
ece8d8fa-693e-5168-a2ce-87a568773763,c3731a53-dee2-5bfa-90d8-c818738cacbc,2,Ewallet,121.863
489a2507-945d-53fe-9e9e-9e810faa5b7c,655b159d-66b3-579b-b7bd-9b42d47d16bd,10,Ewallet,183.645
1fe93160-51d0-5798-87be-77d06dc37f61,fa167c81-cf99-5341-bbd7-c30cfdebed38,1,Ewallet,63.9975
a4dbea92-0027-5455-924d-40e51653b79e,46966327-3432-52e5-a43e-5f15746d54e7,1,Ewallet,42.3675
47b45785-749f-5d42-96be-2bb88fd1ab60,4bb4e89b-6d81-5154-a556-4e4660be351f,10,Ewallet,1022.49
601db0a0-7b77-5f72-b2a9-8e59ce42ac90,dabef733-c998-5345-8d62-3f42dd95b228,1,Cash,33.432
44b8c347-6309-5988-b36a-b8ec5d67450a,f18f4516-f021-5e93-86db-41b0d6c1a78e,1,Cash,69.111
ab78fe55-13c2-5d72-bb25-df449b97ecf4,2a026316-63fa-538c-a1ad-f7ce40d6bbe7,7,Cash,649.299
